Workbook

Sheet Guide
B1: SCORE SHEET for KID PROGRAM
C3:  | D3: Beside teaching, evaluating learners' performance is necessary.
C4:  | D4: For the student performance evaluation at our center, we have score sheet as a tool for our teachers to record their kids' performance
D5: including class participation, oral or written work and exams, and other activities such as projects and presentations.
C6:  | D6: Our score sheet file contains 7 main worksheets as follows:
D7: (1). Classes is where you can add more kids when they are officially allowed to move in and correct the kid's name in terms of speeling
D8: (2). Midterm Daily is the score sheet for teacher to record students' daily scores in the period of midterm's time
D9: (3). Midterm Exam is for teacher to record the scores of Midterm exam
D10: (4). Midterm Results is a worksheet which covers both midterm daily scores and midterm exam scores
D11: (5). Promotion Daily is the score sheet for teacher to record students' daily socres in the period of promotion's time
D12: (6). Promotion Exam is for teacher to record the scores of Promotion exam
D13: (7). Promotion Results is the worksheet that covers all scores from Midterm Daily to Promotion Exam.
C14:  | D14: The operation below shows how to use each worksheet along with some examples of problems frequently happen and solutions for them
C16: OPERATION
C17: (1). Classes
C18:  | D18: Below is a class of K1 from 8:00 to 10:00 in the morning. From the beginning, this class has 10 kids from KID 1 to KID 10.
C19:  | D19: Later on, the office allows one new kid to move in. The TEACHER adds her after KID 10 in the (1).Classes worksheet.
C30: (2). Midterm Daily
D31: Why are KID 2, KID 5, and KID 9 incomplete?
C32:  | D32: KID 2 is incomplete because the TEACHER misses his Sprouts score. You should give 0 like KID 3 if he doesn't do it.
C33:  | D33: KID 5 is incomplete because the TEACHER misses his Science and Tracing scores. If he changes time, you should mark Change like KID 6.
C34:  | D34: KID 9 is incomplete because the TEACHER misses her scores of Phonics, Math, Shape, Science, and Tracing scores. If she stops, you
D35: should mark Stop like KID 10.
C36: Û | D36: Please use only the terms "Change" or "Stop" given to mark your students in case they change time or stop and other cases alike.
C51: (3). Midterm Exam
D52: Why are KID 3 and KID 7 incomplete?
C53:  | D53: KID 3 is incomplete because he did not take midterm exam. If he stops, you should mark Stop like KID 4.
C54:  | D54: KID 7 is incomplete because she misses two tests of midterm exam - Science and Tracing. He asks for permission and will come back to
D55: do them later, so you should mark Late Exam like KID 8.
C56: Û | D56: Please use only the terms "Stop" or "Late Exam" given to mark your students in case they stop or will do midterm exam later.
C73: (4). Midterm Results
C88:  | D88: Midterm result worksheet is designed for our students to see the results of their study for around three months.
C89:  | D89: Midterm result covers both midterm daily score and midterm exam score.
C90:  | D90: We consider the total of midterm daily score as 20% and the total of midterm exam score as 80%, so the total score of midterm result is
D91: 100%. Please have a look at the formula as follows:
E93: Midterm Result | H93: = | I93: Midterm dialy | K93: + | L93: Midterm exam | N93: = | O93: TOTAL
I94: 0.2 | L94: 0.8 | O94: 1
C96: (5). Promotion Daily (the same as Midterm Daily)
C97: (6). Promotion Exam (the same as Promotion Exam)
C98: (7). Promotion Results
C99:  | D99: Unlike midterm result, the promotion result covers all scores from midterm daily to promotion exam.
C100:  | D100: It is a fact that promotion result is the final score of the combination of midterm scores and promotion scores.
C101:  | D101: The calculation of the promotion result or final score is as follows:
D103: Midterm daily + Midterm exam Promotion daily + Promotion exam
E105: Promotion Result | H105: = | I105: Midterm scores | K105: + | L105: Promotion scores | N105: = | O105: Pass / Fail
E106: (Final score) | I106: 2
C107: (In our formula stytem is that kids receiving less than 60% of the final scores fail or repeat, but this can be changed by each K committee)
B109: Thank you so much for reading and please do not hesitate to ask for more explaination!

Sheet How to record the scores
A1: HOW TO RECORD THE SCORES INTO SCORE SHEET
A3: Our score sheet is designed to show only integers, not decimals.
A5: However, our teachers are required to record the real scores.
A7: The real score, here, means the score that a student gets from an assignment, a quiz, or a test.
A9: Please do not worry about how it appears.
D13: Real Score | M13: The score | V13: The score | AE13: The score
D15: Example: Listening | M15: you MUST record | V15: that appears | AE15: that excel determines
D17: Student 1 gets 6.75 | M17: 6.75 | V17: 7 | AE17: 6.75
D19: Student 2 gets 7.25 | M19: 7.25 | V19: 7 | AE19: 7.25
D21: Student 3 gets 7.75 | M21: 7.75 | V21: 8 | AE21: 7.75
V23: ÇDon't worry about it Ç
A26: The explanation above is very short, so please call me if you are still not clear.
A28: It is always my pleasure to answer your questions.

Sheet (1).Classes
A1: Br: | B1: C2 | E1: Br: | I1: Br: | N1: To update
A2: Level: | B2: K1B | E2: Level: | I2: Level:
A3: Time: | B3: 3:00-5:30 | E3: Time: | I3: Time: | N3: FEBRUARY - JULY 2026
A4: Room: | B4: 5 | E4: Room: | I4: Room:
A5: Tr: | B5: Hong Leeheng | E5: Tr: | I5: Tr:
A6: NO | B6: Name | C6: Sex | D6: Phone | E6: NO | F6: Name | G6: Sex | H6: Phone | I6: NO | J6: NAME | K6: SEX | L6: PHONE
A7: 1 | B7: Chhim Chansithika | C7: F | D7: 012 447681 | E7: 1 | I7: 1
A8: 2 | B8: Chhout Senghour | C8: M | D8: 078 886898 | E8: 2 | I8: 2
A9: 3 | B9: Det Phouri | C9: M | D9: 010 222025 | E9: 3 | I9: 3
A10: 4 | B10: Dy Chanto | C10: M | D10: 086 944449 | E10: 4 | I10: 4
A11: 5 | B11: Dy Meyly | C11: F | D11: 086 944449 | E11: 5 | I11: 5
A12: 6 | B12: Heang Limhak | C12: M | D12: 086 606067 | E12: 6 | I12: 6
A13: 7 | B13: Keo Tepsatsjak | C13: M | D13: 092 609960 | E13: 7 | I13: 7
A14: 8 | B14: Kong Yonghae | C14: M | E14: 8 | I14: 8
A15: 9 | B15: Lim Davymulika | C15: F | D15: 069 332143 | E15: 9 | I15: 9
A16: 10 | B16: Lot SamAngvichara | C16: F | D16: 096 3933822 | E16: 10 | I16: 10
A17: 11 | B17: Lot Vichheka | C17: M | D17: 096 3933822 | E17: 11 | I17: 11
A18: 12 | B18: Ly Kanha | C18: F | D18: 098 339928 | E18: 12 | I18: 12
A19: 13 | B19: Ly Sanmoniroth | C19: F | D19: 077 630577 | E19: 13 | I19: 13
A20: 14 | B20: Noun Thoreakrith | C20: M | D20: 090 934444 | E20: 14 | I20: 14
A21: 15 | B21: OL Amara | C21: F | D21: 016 213706 | E21: 15 | I21: 15
A22: 16 | B22: Prom Monometa | C22: M | D22: 011 999239 | E22: 16 | I22: 16
A23: 17 | B23: Seng Moamunyriangsey | C23: F | D23: 012 446232 | E23: 17 | I23: 17
A24: 18 | B24: Thuy Chanmeylinh | C24: F | D24: 081 788855 | E24: 18 | I24: 18
A25: 19 | B25: Vy Monineath | C25: F | D25: 096 2979797 | E25: 19 | I25: 19
A26: 20 | E26: 20 | I26: 20
A27: 21 | E27: 21 | I27: 21
A28: 22 | E28: 22 | I28: 22
A29: 23 | E29: 23 | I29: 23
A30: 24 | E30: 24 | I30: 24
A31: 25 | E31: 25 | I31: 25
A32: 26 | E32: 26 | I32: 26
A33: 27 | E33: 27 | I33: 27
A34: 28 | E34: 28 | I34: 28
A35: 29 | E35: 29 | I35: 29
A36: 30 | E36: 30 | I36: 30
A37: Br: | E37: Br: | I37: Br:
A38: Level: | E38: Level: | I38: Level:
A39: Time: | E39: Time: | I39: Time:
A40: Room: | E40: Room: | I40: Room:
A41: Tr: | E41: Tr: | I41: Tr:
A42: NO | B42: NAME | C42: SEX | D42: PHONE | E42: NO | F42: NAME | G42: SEX | H42: PHONE | I42: NO | J42: NAME | K42: SEX | L42: PHONE
A43: 1 | E43: 1 | I43: 1
A44: 2 | E44: 2 | I44: 2
A45: 3 | E45: 3 | I45: 3
A46: 4 | E46: 4 | I46: 4
A47: 5 | E47: 5 | I47: 5
A48: 6 | E48: 6 | I48: 6
A49: 7 | E49: 7 | I49: 7
A50: 8 | E50: 8 | I50: 8
A51: 9 | E51: 9 | I51: 9
A52: 10 | E52: 10 | I52: 10
A53: 11 | E53: 11 | I53: 11
A54: 12 | E54: 12 | I54: 12
... A72: 30 | E72: 30 | I72: 30

Sheet (2).Midterm Daily
A1: Br: | B1: ='(1).Classes'!B1 -> C2 | D1: MIDTERM DAILY SCORE SHEET
A2: Level: | B2: ='(1).Classes'!B2 -> K1B
A3: Time: | B3: ='(1).Classes'!B3 -> 3:00-5:30 | D3: ='(1).Classes'!N3 -> FEBRUARY - JULY 2026
A4: Room: | B4: ='(1).Classes'!B4 -> 5
A5: Tr: | B5: ='(1).Classes'!B5 -> Hong Leeheng | D5: =IF(OR($B2="K5",$B2="K6",$B2="K7",$B2="K8",$B2="K9",$B2="K10"),"Listening","Up-Low C") -> Up-Low C | G5: =IF(OR($B2="K5",$B2="K6",$B2="K7",$B2="K8",$B2="K9",$B2="K10"),"Speaking","Alphabet N") -> Alphabet N | J5: =IF(OR($B2="K5",$B2="K6",$B2="K7",$B2="K8",$B2="K9",$B2="K10"),"Reading","Alphabet S") -> Alphabet S | M5: =IF(OR($B2="K5",$B2="K6",$B2="K7",$B2="K8",$B2="K9",$B2="K10"),"Writing","Vocabulary") -> Vocabulary | P5: =IF(OR($B2="K5",$B2="K6",$B2="K7",$B2="K8",$B2="K9",$B2="K10"),"Gram/Vocab","Sprouts") -> Sprouts | S5: =IF(OR($B2="K5",$B2="K6",$B2="K7",$B2="K8",$B2="K9",$B2="K10"),"Roots","Phonics") -> Phonics | V5: =IF(OR($B2="K5",$B2="K6",$B2="K7",$B2="K8",$B2="K9",$B2="K10"),"Phonics","Math") -> Math | Y5: =IF(OR($B2="K5",$B2="K6",$B2="K7",$B2="K8",$B2="K9",$B2="K10"),"Math","Shape") -> Shape | AB5: Science | AE5: =IF(OR($B2="K5",$B2="K6",$B2="K7",$B2="K8",$B2="K9",$B2="K10"),"Homework","Tracing") -> Tracing | AH5: Change
A6: NO | B6: NAME | C6: SEX | D6: 10 points | G6: 10 points | J6: 10 points | M6: 10 points | P6: 10 points | S6: 10 points | V6: 10 points | Y6: 10 points | AB6: 10 points | AE6: 10 points | AH6: Stop
A7: 1 | B7: =IF('(1).Classes'!B7="","",'(1).Classes'!B7) -> Chhim Chansithika | C7: =IF('(1).Classes'!C7="","",'(1).Classes'!C7) -> F | D7: 10 | E7: 10 | G7: 9 | H7: 10 | J7: 8 | K7: 6 | M7: 9.5 | N7: 9 | P7: 6 | Q7: 6.5 | S7: 10 | T7: 6 | V7: 10 | W7: 9.5 | Y7: 10 | Z7: 7 | AB7: 10 | AC7: 7 | AE7: 8.5 | AF7: 9.75 | AH7: =IF(B7="","",IF(COUNT(D7:F7)=0,"Incomplete",IF(COUNT(G7:I7)=0,"Incomplete",IF(COUNT(J7:L7)=0,"Incomplete",IF(COUNT(M7:O7)=0,"Incomplete",IF(COUNT(P7:R7)=0,"Incomplete",IF(COUNT(S7:U7)=0,"Incomplete",IF(COUNT(V7:X7)=0,"Incomplete",IF(COUNT(Y7:AA7)=0,"Incomplete",IF(COUNT(AB7:AD7)=0,"Incomplete",IF(COUNT(AE7:AG7)=0,"Incomplete",AVERAGEIF(D7:F7,">=0")+AVERAGEIF(G7:I7,">=0")+AVERAGEIF(J7:L7,">=0")+AVERAGEIF(M7:O7,">=0")+AVERAGEIF(P7:R7,">=0")+AVERAGEIF(S7:U7,">=0")+AVERAGEIF(V7:X7,">=0")+AVERAGEIF(Y7:AA7,">=0")+AVERAGEIF(AB7:AD7,">=0")+AVERAGEIF(AE7:AG7,">=0")))))))))))) -> 85.875
A8: 2 | B8: =IF('(1).Classes'!B8="","",'(1).Classes'!B8) -> Chhout Senghour | C8: =IF('(1).Classes'!C8="","",'(1).Classes'!C8) -> M | D8: 8 | E8: 7 | G8: 8 | H8: 5 | J8: 5 | K8: 4 | M8: 4 | N8: 9 | P8: 6.5 | Q8: 6 | S8: 3 | T8: 5 | V8: 9.5 | W8: 9 | Y8: 10 | Z8: 8 | AB8: 9 | AC8: 6 | AE8: 5.5 | AF8: 7 | AH8: =IF(B8="","",IF(COUNT(D8:F8)=0,"Incomplete",IF(COUNT(G8:I8)=0,"Incomplete",IF(COUNT(J8:L8)=0,"Incomplete",IF(COUNT(M8:O8)=0,"Incomplete",IF(COUNT(P8:R8)=0,"Incomplete",IF(COUNT(S8:U8)=0,"Incomplete",IF(COUNT(V8:X8)=0,"Incomplete",IF(COUNT(Y8:AA8)=0,"Incomplete",IF(COUNT(AB8:AD8)=0,"Incomplete",IF(COUNT(AE8:AG8)=0,"Incomplete",AVERAGEIF(D8:F8,">=0")+AVERAGEIF(G8:I8,">=0")+AVERAGEIF(J8:L8,">=0")+AVERAGEIF(M8:O8,">=0")+AVERAGEIF(P8:R8,">=0")+AVERAGEIF(S8:U8,">=0")+AVERAGEIF(V8:X8,">=0")+AVERAGEIF(Y8:AA8,">=0")+AVERAGEIF(AB8:AD8,">=0")+AVERAGEIF(AE8:AG8,">=0")))))))))))) -> 67.25
A9: 3 | B9: =IF('(1).Classes'!B9="","",'(1).Classes'!B9) -> Det Phouri | C9: =IF('(1).Classes'!C9="","",'(1).Classes'!C9) -> M | D9: 10 | E9: 9.25 | G9: 5.5 | H9: 10 | J9: 8 | K9: 9 | M9: 10 | N9: 10 | P9: 5 | Q9: 9 | S9: 9 | T9: 9.5 | V9: 10 | W9: 9.5 | Y9: 10 | Z9: 9 | AB9: 9 | AC9: 9.5 | AE9: 8.5 | AF9: 9.5 | AH9: =IF(B9="","",IF(COUNT(D9:F9)=0,"Incomplete",IF(COUNT(G9:I9)=0,"Incomplete",IF(COUNT(J9:L9)=0,"Incomplete",IF(COUNT(M9:O9)=0,"Incomplete",IF(COUNT(P9:R9)=0,"Incomplete",IF(COUNT(S9:U9)=0,"Incomplete",IF(COUNT(V9:X9)=0,"Incomplete",IF(COUNT(Y9:AA9)=0,"Incomplete",IF(COUNT(AB9:AD9)=0,"Incomplete",IF(COUNT(AE9:AG9)=0,"Incomplete",AVERAGEIF(D9:F9,">=0")+AVERAGEIF(G9:I9,">=0")+AVERAGEIF(J9:L9,">=0")+AVERAGEIF(M9:O9,">=0")+AVERAGEIF(P9:R9,">=0")+AVERAGEIF(S9:U9,">=0")+AVERAGEIF(V9:X9,">=0")+AVERAGEIF(Y9:AA9,">=0")+AVERAGEIF(AB9:AD9,">=0")+AVERAGEIF(AE9:AG9,">=0")))))))))))) -> 89.625
A10: 4 | B10: =IF('(1).Classes'!B10="","",'(1).Classes'!B10) -> Dy Chanto | C10: =IF('(1).Classes'!C10="","",'(1).Classes'!C10) -> M | D10: 7 | E10: 1.5 | G10: 3.5 | H10: 4 | J10: 6 | K10: 3 | M10: 5 | N10: 3 | P10: 5 | Q10: 3 | S10: 3 | T10: 5 | V10: 10 | W10: 4 | Y10: 6 | Z10: 5 | AB10: 9 | AC10: 5 | AE10: 5 | AF10: 5 | AH10: =IF(B10="","",IF(COUNT(D10:F10)=0,"Incomplete",IF(COUNT(G10:I10)=0,"Incomplete",IF(COUNT(J10:L10)=0,"Incomplete",IF(COUNT(M10:O10)=0,"Incomplete",IF(COUNT(P10:R10)=0,"Incomplete",IF(COUNT(S10:U10)=0,"Incomplete",IF(COUNT(V10:X10)=0,"Incomplete",IF(COUNT(Y10:AA10)=0,"Incomplete",IF(COUNT(AB10:AD10)=0,"Incomplete",IF(COUNT(AE10:AG10)=0,"Incomplete",AVERAGEIF(D10:F10,">=0")+AVERAGEIF(G10:I10,">=0")+AVERAGEIF(J10:L10,">=0")+AVERAGEIF(M10:O10,">=0")+AVERAGEIF(P10:R10,">=0")+AVERAGEIF(S10:U10,">=0")+AVERAGEIF(V10:X10,">=0")+AVERAGEIF(Y10:AA10,">=0")+AVERAGEIF(AB10:AD10,">=0")+AVERAGEIF(AE10:AG10,">=0")))))))))))) -> 49
A11: 5 | B11: =IF('(1).Classes'!B11="","",'(1).Classes'!B11) -> Dy Meyly | C11: =IF('(1).Classes'!C11="","",'(1).Classes'!C11) -> F | D11: 10 | E11: 10 | G11: 10 | H11: 10 | J11: 8 | K11: 9 | M11: 10 | N11: 10 | P11: 10 | Q11: 9.5 | S11: 10 | T11: 9 | V11: 10 | W11: 9.5 | Y11: 10 | Z11: 9 | AB11: 10 | AC11: 9.5 | AE11: 9.75 | AF11: 10 | AH11: =IF(B11="","",IF(COUNT(D11:F11)=0,"Incomplete",IF(COUNT(G11:I11)=0,"Incomplete",IF(COUNT(J11:L11)=0,"Incomplete",IF(COUNT(M11:O11)=0,"Incomplete",IF(COUNT(P11:R11)=0,"Incomplete",IF(COUNT(S11:U11)=0,"Incomplete",IF(COUNT(V11:X11)=0,"Incomplete",IF(COUNT(Y11:AA11)=0,"Incomplete",IF(COUNT(AB11:AD11)=0,"Incomplete",IF(COUNT(AE11:AG11)=0,"Incomplete",AVERAGEIF(D11:F11,">=0")+AVERAGEIF(G11:I11,">=0")+AVERAGEIF(J11:L11,">=0")+AVERAGEIF(M11:O11,">=0")+AVERAGEIF(P11:R11,">=0")+AVERAGEIF(S11:U11,">=0")+AVERAGEIF(V11:X11,">=0")+AVERAGEIF(Y11:AA11,">=0")+AVERAGEIF(AB11:AD11,">=0")+AVERAGEIF(AE11:AG11,">=0")))))))))))) -> 96.625
A12: 6 | B12: =IF('(1).Classes'!B12="","",'(1).Classes'!B12) -> Heang Limhak | C12: =IF('(1).Classes'!C12="","",'(1).Classes'!C12) -> M | D12: 10 | E12: 7 | G12: 9.5 | H12: 10 | J12: 10 | K12: 8 | M12: 7 | N12: 10 | P12: 7 | Q12: 8 | S12: 8 | T12: 9 | V12: 9 | W12: 4 | Y12: 10 | Z12: 9 | AB12: 10 | AC12: 8 | AE12: 8 | AF12: 5 | AH12: =IF(B12="","",IF(COUNT(D12:F12)=0,"Incomplete",IF(COUNT(G12:I12)=0,"Incomplete",IF(COUNT(J12:L12)=0,"Incomplete",IF(COUNT(M12:O12)=0,"Incomplete",IF(COUNT(P12:R12)=0,"Incomplete",IF(COUNT(S12:U12)=0,"Incomplete",IF(COUNT(V12:X12)=0,"Incomplete",IF(COUNT(Y12:AA12)=0,"Incomplete",IF(COUNT(AB12:AD12)=0,"Incomplete",IF(COUNT(AE12:AG12)=0,"Incomplete",AVERAGEIF(D12:F12,">=0")+AVERAGEIF(G12:I12,">=0")+AVERAGEIF(J12:L12,">=0")+AVERAGEIF(M12:O12,">=0")+AVERAGEIF(P12:R12,">=0")+AVERAGEIF(S12:U12,">=0")+AVERAGEIF(V12:X12,">=0")+AVERAGEIF(Y12:AA12,">=0")+AVERAGEIF(AB12:AD12,">=0")+AVERAGEIF(AE12:AG12,">=0")))))))))))) -> 83.25
A13: 7 | B13: =IF('(1).Classes'!B13="","",'(1).Classes'!B13) -> Keo Tepsatsjak | C13: =IF('(1).Classes'!C13="","",'(1).Classes'!C13) -> M | D13: 10 | E13: 8.75 | G13: 9 | H13: 10 | J13: 10 | K13: 8.5 | M13: 10 | N13: 8.5 | P13: 9.5 | Q13: 9 | S13: 10 | T13: 9.5 | V13: 10 | W13: 9 | Y13: 6 | Z13: 9 | AB13: 9 | AC13: 9 | AE13: 8.5 | AF13: 9.75 | AH13: =IF(B13="","",IF(COUNT(D13:F13)=0,"Incomplete",IF(COUNT(G13:I13)=0,"Incomplete",IF(COUNT(J13:L13)=0,"Incomplete",IF(COUNT(M13:O13)=0,"Incomplete",IF(COUNT(P13:R13)=0,"Incomplete",IF(COUNT(S13:U13)=0,"Incomplete",IF(COUNT(V13:X13)=0,"Incomplete",IF(COUNT(Y13:AA13)=0,"Incomplete",IF(COUNT(AB13:AD13)=0,"Incomplete",IF(COUNT(AE13:AG13)=0,"Incomplete",AVERAGEIF(D13:F13,">=0")+AVERAGEIF(G13:I13,">=0")+AVERAGEIF(J13:L13,">=0")+AVERAGEIF(M13:O13,">=0")+AVERAGEIF(P13:R13,">=0")+AVERAGEIF(S13:U13,">=0")+AVERAGEIF(V13:X13,">=0")+AVERAGEIF(Y13:AA13,">=0")+AVERAGEIF(AB13:AD13,">=0")+AVERAGEIF(AE13:AG13,">=0")))))))))))) -> 91.5
A14: 8 | B14: =IF('(1).Classes'!B14="","",'(1).Classes'!B14) -> Kong Yonghae | C14: =IF('(1).Classes'!C14="","",'(1).Classes'!C14) -> M | D14: 10 | E14: 8.5 | G14: 8.5 | H14: 10 | J14: 10 | K14: 7 | M14: 10 | N14: 9 | P14: 9 | Q14: 8 | S14: 10 | T14: 8 | V14: 10 | W14: 10 | Y14: 10 | Z14: 9 | AB14: 9 | AC14: 8 | AE14: 8 | AF14: 10 | AH14: =IF(B14="","",IF(COUNT(D14:F14)=0,"Incomplete",IF(COUNT(G14:I14)=0,"Incomplete",IF(COUNT(J14:L14)=0,"Incomplete",IF(COUNT(M14:O14)=0,"Incomplete",IF(COUNT(P14:R14)=0,"Incomplete",IF(COUNT(S14:U14)=0,"Incomplete",IF(COUNT(V14:X14)=0,"Incomplete",IF(COUNT(Y14:AA14)=0,"Incomplete",IF(COUNT(AB14:AD14)=0,"Incomplete",IF(COUNT(AE14:AG14)=0,"Incomplete",AVERAGEIF(D14:F14,">=0")+AVERAGEIF(G14:I14,">=0")+AVERAGEIF(J14:L14,">=0")+AVERAGEIF(M14:O14,">=0")+AVERAGEIF(P14:R14,">=0")+AVERAGEIF(S14:U14,">=0")+AVERAGEIF(V14:X14,">=0")+AVERAGEIF(Y14:AA14,">=0")+AVERAGEIF(AB14:AD14,">=0")+AVERAGEIF(AE14:AG14,">=0")))))))))))) -> 91
A15: 9 | B15: =IF('(1).Classes'!B15="","",'(1).Classes'!B15) -> Lim Davymulika | C15: =IF('(1).Classes'!C15="","",'(1).Classes'!C15) -> F | D15: 6 | E15: 6.75 | G15: 6.5 | H15: 6 | J15: 5 | K15: 4 | M15: 6 | N15: 8 | P15: 5 | Q15: 4.5 | S15: 7 | T15: 6 | V15: 8 | W15: 4 | Y15: 6 | Z15: 5 | AB15: 5 | AC15: 6 | AE15: 8 | AF15: 9 | AH15: =IF(B15="","",IF(COUNT(D15:F15)=0,"Incomplete",IF(COUNT(G15:I15)=0,"Incomplete",IF(COUNT(J15:L15)=0,"Incomplete",IF(COUNT(M15:O15)=0,"Incomplete",IF(COUNT(P15:R15)=0,"Incomplete",IF(COUNT(S15:U15)=0,"Incomplete",IF(COUNT(V15:X15)=0,"Incomplete",IF(COUNT(Y15:AA15)=0,"Incomplete",IF(COUNT(AB15:AD15)=0,"Incomplete",IF(COUNT(AE15:AG15)=0,"Incomplete",AVERAGEIF(D15:F15,">=0")+AVERAGEIF(G15:I15,">=0")+AVERAGEIF(J15:L15,">=0")+AVERAGEIF(M15:O15,">=0")+AVERAGEIF(P15:R15,">=0")+AVERAGEIF(S15:U15,">=0")+AVERAGEIF(V15:X15,">=0")+AVERAGEIF(Y15:AA15,">=0")+AVERAGEIF(AB15:AD15,">=0")+AVERAGEIF(AE15:AG15,">=0")))))))))))) -> 60.875
A16: 10 | B16: =IF('(1).Classes'!B16="","",'(1).Classes'!B16) -> Lot SamAngvichara | C16: =IF('(1).Classes'!C16="","",'(1).Classes'!C16) -> F | D16: 10 | E16: 10 | G16: 10 | H16: 10 | J16: 10 | K16: 9.5 | M16: 10 | N16: 10 | P16: 8 | Q16: 9 | S16: 10 | T16: 9 | V16: 9.5 | W16: 10 | Y16: 10 | Z16: 9 | AB16: 8 | AC16: 9 | AE16: 8 | AF16: 8 | AH16: =IF(B16="","",IF(COUNT(D16:F16)=0,"Incomplete",IF(COUNT(G16:I16)=0,"Incomplete",IF(COUNT(J16:L16)=0,"Incomplete",IF(COUNT(M16:O16)=0,"Incomplete",IF(COUNT(P16:R16)=0,"Incomplete",IF(COUNT(S16:U16)=0,"Incomplete",IF(COUNT(V16:X16)=0,"Incomplete",IF(COUNT(Y16:AA16)=0,"Incomplete",IF(COUNT(AB16:AD16)=0,"Incomplete",IF(COUNT(AE16:AG16)=0,"Incomplete",AVERAGEIF(D16:F16,">=0")+AVERAGEIF(G16:I16,">=0")+AVERAGEIF(J16:L16,">=0")+AVERAGEIF(M16:O16,">=0")+AVERAGEIF(P16:R16,">=0")+AVERAGEIF(S16:U16,">=0")+AVERAGEIF(V16:X16,">=0")+AVERAGEIF(Y16:AA16,">=0")+AVERAGEIF(AB16:AD16,">=0")+AVERAGEIF(AE16:AG16,">=0")))))))))))) -> 93.5
A17: 11 | B17: =IF('(1).Classes'!B17="","",'(1).Classes'!B17) -> Lot Vichheka | C17: =IF('(1).Classes'!C17="","",'(1).Classes'!C17) -> M | D17: 10 | E17: 10 | G17: 8.5 | H17: 10 | J17: 9 | K17: 9 | M17: 10 | N17: 10 | P17: 8 | Q17: 9 | S17: 10 | T17: 9 | V17: 9.5 | W17: 10 | Y17: 10 | Z17: 8 | AB17: 9 | AC17: 9 | AE17: 7 | AF17: 9 | AH17: =IF(B17="","",IF(COUNT(D17:F17)=0,"Incomplete",IF(COUNT(G17:I17)=0,"Incomplete",IF(COUNT(J17:L17)=0,"Incomplete",IF(COUNT(M17:O17)=0,"Incomplete",IF(COUNT(P17:R17)=0,"Incomplete",IF(COUNT(S17:U17)=0,"Incomplete",IF(COUNT(V17:X17)=0,"Incomplete",IF(COUNT(Y17:AA17)=0,"Incomplete",IF(COUNT(AB17:AD17)=0,"Incomplete",IF(COUNT(AE17:AG17)=0,"Incomplete",AVERAGEIF(D17:F17,">=0")+AVERAGEIF(G17:I17,">=0")+AVERAGEIF(J17:L17,">=0")+AVERAGEIF(M17:O17,">=0")+AVERAGEIF(P17:R17,">=0")+AVERAGEIF(S17:U17,">=0")+AVERAGEIF(V17:X17,">=0")+AVERAGEIF(Y17:AA17,">=0")+AVERAGEIF(AB17:AD17,">=0")+AVERAGEIF(AE17:AG17,">=0")))))))))))) -> 92
A18: 12 | B18: =IF('(1).Classes'!B18="","",'(1).Classes'!B18) -> Ly Kanha | C18: =IF('(1).Classes'!C18="","",'(1).Classes'!C18) -> F | D18: 6 | E18: 8.75 | G18: 8.5 | H18: 7 | J18: 10 | K18: 9 | M18: 9 | N18: 10 | P18: 9 | Q18: 9.5 | S18: 10 | T18: 8.5 | V18: 10 | W18: 8 | Y18: 10 | Z18: 9 | AB18: 9 | AC18: 9 | AE18: 9 | AF18: 9.75 | AH18: =IF(B18="","",IF(COUNT(D18:F18)=0,"Incomplete",IF(COUNT(G18:I18)=0,"Incomplete",IF(COUNT(J18:L18)=0,"Incomplete",IF(COUNT(M18:O18)=0,"Incomplete",IF(COUNT(P18:R18)=0,"Incomplete",IF(COUNT(S18:U18)=0,"Incomplete",IF(COUNT(V18:X18)=0,"Incomplete",IF(COUNT(Y18:AA18)=0,"Incomplete",IF(COUNT(AB18:AD18)=0,"Incomplete",IF(COUNT(AE18:AG18)=0,"Incomplete",AVERAGEIF(D18:F18,">=0")+AVERAGEIF(G18:I18,">=0")+AVERAGEIF(J18:L18,">=0")+AVERAGEIF(M18:O18,">=0")+AVERAGEIF(P18:R18,">=0")+AVERAGEIF(S18:U18,">=0")+AVERAGEIF(V18:X18,">=0")+AVERAGEIF(Y18:AA18,">=0")+AVERAGEIF(AB18:AD18,">=0")+AVERAGEIF(AE18:AG18,">=0")))))))))))) -> 89.5
... A25: 19 | B25: =IF('(1).Classes'!B25="","",'(1).Classes'!B25) -> Vy Monineath | C25: =IF('(1).Classes'!C25="","",'(1).Classes'!C25) -> F | D25: 8 | E25: 10 | G25: 10 | H25: 10 | J25: 10 | K25: 9.5 | M25: 9 | N25: 10 | P25: 10 | Q25: 9.5 | S25: 10 | T25: 9.5 | V25: 10 | W25: 10 | Y25: 10 | Z25: 9 | AB25: 10 | AC25: 9 | AE25: 9.75 | AF25: 10 | AH25: =IF(B25="","",IF(COUNT(D25:F25)=0,"Incomplete",IF(COUNT(G25:I25)=0,"Incomplete",IF(COUNT(J25:L25)=0,"Incomplete",IF(COUNT(M25:O25)=0,"Incomplete",IF(COUNT(P25:R25)=0,"Incomplete",IF(COUNT(S25:U25)=0,"Incomplete",IF(COUNT(V25:X25)=0,"Incomplete",IF(COUNT(Y25:AA25)=0,"Incomplete",IF(COUNT(AB25:AD25)=0,"Incomplete",IF(COUNT(AE25:AG25)=0,"Incomplete",AVERAGEIF(D25:F25,">=0")+AVERAGEIF(G25:I25,">=0")+AVERAGEIF(J25:L25,">=0")+AVERAGEIF(M25:O25,">=0")+AVERAGEIF(P25:R25,">=0")+AVERAGEIF(S25:U25,">=0")+AVERAGEIF(V25:X25,">=0")+AVERAGEIF(Y25:AA25,">=0")+AVERAGEIF(AB25:AD25,">=0")+AVERAGEIF(AE25:AG25,">=0")))))))))))) -> 96.625
A26: 20 | B26: =IF('(1).Classes'!B26="","",'(1).Classes'!B26) | C26: =IF('(1).Classes'!C26="","",'(1).Classes'!C26) | AH26: =IF(B26="","",IF(COUNT(D26:F26)=0,"Incomplete",IF(COUNT(G26:I26)=0,"Incomplete",IF(COUNT(J26:L26)=0,"Incomplete",IF(COUNT(M26:O26)=0,"Incomplete",IF(COUNT(P26:R26)=0,"Incomplete",IF(COUNT(S26:U26)=0,"Incomplete",IF(COUNT(V26:X26)=0,"Incomplete",IF(COUNT(Y26:AA26)=0,"Incomplete",IF(COUNT(AB26:AD26)=0,"Incomplete",IF(COUNT(AE26:AG26)=0,"Incomplete",AVERAGEIF(D26:F26,">=0")+AVERAGEIF(G26:I26,">=0")+AVERAGEIF(J26:L26,">=0")+AVERAGEIF(M26:O26,">=0")+AVERAGEIF(P26:R26,">=0")+AVERAGEIF(S26:U26,">=0")+AVERAGEIF(V26:X26,">=0")+AVERAGEIF(Y26:AA26,">=0")+AVERAGEIF(AB26:AD26,">=0")+AVERAGEIF(AE26:AG26,">=0"))))))))))))
A27: 21 | B27: =IF('(1).Classes'!B27="","",'(1).Classes'!B27) | C27: =IF('(1).Classes'!C27="","",'(1).Classes'!C27) | AH27: =IF(B27="","",IF(COUNT(D27:F27)=0,"Incomplete",IF(COUNT(G27:I27)=0,"Incomplete",IF(COUNT(J27:L27)=0,"Incomplete",IF(COUNT(M27:O27)=0,"Incomplete",IF(COUNT(P27:R27)=0,"Incomplete",IF(COUNT(S27:U27)=0,"Incomplete",IF(COUNT(V27:X27)=0,"Incomplete",IF(COUNT(Y27:AA27)=0,"Incomplete",IF(COUNT(AB27:AD27)=0,"Incomplete",IF(COUNT(AE27:AG27)=0,"Incomplete",AVERAGEIF(D27:F27,">=0")+AVERAGEIF(G27:I27,">=0")+AVERAGEIF(J27:L27,">=0")+AVERAGEIF(M27:O27,">=0")+AVERAGEIF(P27:R27,">=0")+AVERAGEIF(S27:U27,">=0")+AVERAGEIF(V27:X27,">=0")+AVERAGEIF(Y27:AA27,">=0")+AVERAGEIF(AB27:AD27,">=0")+AVERAGEIF(AE27:AG27,">=0"))))))))))))
A28: 22 | B28: =IF('(1).Classes'!B28="","",'(1).Classes'!B28) | C28: =IF('(1).Classes'!C28="","",'(1).Classes'!C28) | AH28: =IF(B28="","",IF(COUNT(D28:F28)=0,"Incomplete",IF(COUNT(G28:I28)=0,"Incomplete",IF(COUNT(J28:L28)=0,"Incomplete",IF(COUNT(M28:O28)=0,"Incomplete",IF(COUNT(P28:R28)=0,"Incomplete",IF(COUNT(S28:U28)=0,"Incomplete",IF(COUNT(V28:X28)=0,"Incomplete",IF(COUNT(Y28:AA28)=0,"Incomplete",IF(COUNT(AB28:AD28)=0,"Incomplete",IF(COUNT(AE28:AG28)=0,"Incomplete",AVERAGEIF(D28:F28,">=0")+AVERAGEIF(G28:I28,">=0")+AVERAGEIF(J28:L28,">=0")+AVERAGEIF(M28:O28,">=0")+AVERAGEIF(P28:R28,">=0")+AVERAGEIF(S28:U28,">=0")+AVERAGEIF(V28:X28,">=0")+AVERAGEIF(Y28:AA28,">=0")+AVERAGEIF(AB28:AD28,">=0")+AVERAGEIF(AE28:AG28,">=0"))))))))))))
A29: 23 | B29: =IF('(1).Classes'!B29="","",'(1).Classes'!B29) | C29: =IF('(1).Classes'!C29="","",'(1).Classes'!C29) | AH29: =IF(B29="","",IF(COUNT(D29:F29)=0,"Incomplete",IF(COUNT(G29:I29)=0,"Incomplete",IF(COUNT(J29:L29)=0,"Incomplete",IF(COUNT(M29:O29)=0,"Incomplete",IF(COUNT(P29:R29)=0,"Incomplete",IF(COUNT(S29:U29)=0,"Incomplete",IF(COUNT(V29:X29)=0,"Incomplete",IF(COUNT(Y29:AA29)=0,"Incomplete",IF(COUNT(AB29:AD29)=0,"Incomplete",IF(COUNT(AE29:AG29)=0,"Incomplete",AVERAGEIF(D29:F29,">=0")+AVERAGEIF(G29:I29,">=0")+AVERAGEIF(J29:L29,">=0")+AVERAGEIF(M29:O29,">=0")+AVERAGEIF(P29:R29,">=0")+AVERAGEIF(S29:U29,">=0")+AVERAGEIF(V29:X29,">=0")+AVERAGEIF(Y29:AA29,">=0")+AVERAGEIF(AB29:AD29,">=0")+AVERAGEIF(AE29:AG29,">=0"))))))))))))
A30: 24 | B30: =IF('(1).Classes'!B30="","",'(1).Classes'!B30) | C30: =IF('(1).Classes'!C30="","",'(1).Classes'!C30) | AH30: =IF(B30="","",IF(COUNT(D30:F30)=0,"Incomplete",IF(COUNT(G30:I30)=0,"Incomplete",IF(COUNT(J30:L30)=0,"Incomplete",IF(COUNT(M30:O30)=0,"Incomplete",IF(COUNT(P30:R30)=0,"Incomplete",IF(COUNT(S30:U30)=0,"Incomplete",IF(COUNT(V30:X30)=0,"Incomplete",IF(COUNT(Y30:AA30)=0,"Incomplete",IF(COUNT(AB30:AD30)=0,"Incomplete",IF(COUNT(AE30:AG30)=0,"Incomplete",AVERAGEIF(D30:F30,">=0")+AVERAGEIF(G30:I30,">=0")+AVERAGEIF(J30:L30,">=0")+AVERAGEIF(M30:O30,">=0")+AVERAGEIF(P30:R30,">=0")+AVERAGEIF(S30:U30,">=0")+AVERAGEIF(V30:X30,">=0")+AVERAGEIF(Y30:AA30,">=0")+AVERAGEIF(AB30:AD30,">=0")+AVERAGEIF(AE30:AG30,">=0"))))))))))))
A31: 25 | B31: =IF('(1).Classes'!B31="","",'(1).Classes'!B31) | C31: =IF('(1).Classes'!C31="","",'(1).Classes'!C31) | AH31: =IF(B31="","",IF(COUNT(D31:F31)=0,"Incomplete",IF(COUNT(G31:I31)=0,"Incomplete",IF(COUNT(J31:L31)=0,"Incomplete",IF(COUNT(M31:O31)=0,"Incomplete",IF(COUNT(P31:R31)=0,"Incomplete",IF(COUNT(S31:U31)=0,"Incomplete",IF(COUNT(V31:X31)=0,"Incomplete",IF(COUNT(Y31:AA31)=0,"Incomplete",IF(COUNT(AB31:AD31)=0,"Incomplete",IF(COUNT(AE31:AG31)=0,"Incomplete",AVERAGEIF(D31:F31,">=0")+AVERAGEIF(G31:I31,">=0")+AVERAGEIF(J31:L31,">=0")+AVERAGEIF(M31:O31,">=0")+AVERAGEIF(P31:R31,">=0")+AVERAGEIF(S31:U31,">=0")+AVERAGEIF(V31:X31,">=0")+AVERAGEIF(Y31:AA31,">=0")+AVERAGEIF(AB31:AD31,">=0")+AVERAGEIF(AE31:AG31,">=0"))))))))))))
A32: 26 | B32: =IF('(1).Classes'!B32="","",'(1).Classes'!B32) | C32: =IF('(1).Classes'!C32="","",'(1).Classes'!C32) | AH32: =IF(B32="","",IF(COUNT(D32:F32)=0,"Incomplete",IF(COUNT(G32:I32)=0,"Incomplete",IF(COUNT(J32:L32)=0,"Incomplete",IF(COUNT(M32:O32)=0,"Incomplete",IF(COUNT(P32:R32)=0,"Incomplete",IF(COUNT(S32:U32)=0,"Incomplete",IF(COUNT(V32:X32)=0,"Incomplete",IF(COUNT(Y32:AA32)=0,"Incomplete",IF(COUNT(AB32:AD32)=0,"Incomplete",IF(COUNT(AE32:AG32)=0,"Incomplete",AVERAGEIF(D32:F32,">=0")+AVERAGEIF(G32:I32,">=0")+AVERAGEIF(J32:L32,">=0")+AVERAGEIF(M32:O32,">=0")+AVERAGEIF(P32:R32,">=0")+AVERAGEIF(S32:U32,">=0")+AVERAGEIF(V32:X32,">=0")+AVERAGEIF(Y32:AA32,">=0")+AVERAGEIF(AB32:AD32,">=0")+AVERAGEIF(AE32:AG32,">=0"))))))))))))
A33: 27 | B33: =IF('(1).Classes'!B33="","",'(1).Classes'!B33) | C33: =IF('(1).Classes'!C33="","",'(1).Classes'!C33) | AH33: =IF(B33="","",IF(COUNT(D33:F33)=0,"Incomplete",IF(COUNT(G33:I33)=0,"Incomplete",IF(COUNT(J33:L33)=0,"Incomplete",IF(COUNT(M33:O33)=0,"Incomplete",IF(COUNT(P33:R33)=0,"Incomplete",IF(COUNT(S33:U33)=0,"Incomplete",IF(COUNT(V33:X33)=0,"Incomplete",IF(COUNT(Y33:AA33)=0,"Incomplete",IF(COUNT(AB33:AD33)=0,"Incomplete",IF(COUNT(AE33:AG33)=0,"Incomplete",AVERAGEIF(D33:F33,">=0")+AVERAGEIF(G33:I33,">=0")+AVERAGEIF(J33:L33,">=0")+AVERAGEIF(M33:O33,">=0")+AVERAGEIF(P33:R33,">=0")+AVERAGEIF(S33:U33,">=0")+AVERAGEIF(V33:X33,">=0")+AVERAGEIF(Y33:AA33,">=0")+AVERAGEIF(AB33:AD33,">=0")+AVERAGEIF(AE33:AG33,">=0"))))))))))))
A34: 28 | B34: =IF('(1).Classes'!B34="","",'(1).Classes'!B34) | C34: =IF('(1).Classes'!C34="","",'(1).Classes'!C34) | AH34: =IF(B34="","",IF(COUNT(D34:F34)=0,"Incomplete",IF(COUNT(G34:I34)=0,"Incomplete",IF(COUNT(J34:L34)=0,"Incomplete",IF(COUNT(M34:O34)=0,"Incomplete",IF(COUNT(P34:R34)=0,"Incomplete",IF(COUNT(S34:U34)=0,"Incomplete",IF(COUNT(V34:X34)=0,"Incomplete",IF(COUNT(Y34:AA34)=0,"Incomplete",IF(COUNT(AB34:AD34)=0,"Incomplete",IF(COUNT(AE34:AG34)=0,"Incomplete",AVERAGEIF(D34:F34,">=0")+AVERAGEIF(G34:I34,">=0")+AVERAGEIF(J34:L34,">=0")+AVERAGEIF(M34:O34,">=0")+AVERAGEIF(P34:R34,">=0")+AVERAGEIF(S34:U34,">=0")+AVERAGEIF(V34:X34,">=0")+AVERAGEIF(Y34:AA34,">=0")+AVERAGEIF(AB34:AD34,">=0")+AVERAGEIF(AE34:AG34,">=0"))))))))))))
A35: 29 | B35: =IF('(1).Classes'!B35="","",'(1).Classes'!B35) | C35: =IF('(1).Classes'!C35="","",'(1).Classes'!C35) | AH35: =IF(B35="","",IF(COUNT(D35:F35)=0,"Incomplete",IF(COUNT(G35:I35)=0,"Incomplete",IF(COUNT(J35:L35)=0,"Incomplete",IF(COUNT(M35:O35)=0,"Incomplete",IF(COUNT(P35:R35)=0,"Incomplete",IF(COUNT(S35:U35)=0,"Incomplete",IF(COUNT(V35:X35)=0,"Incomplete",IF(COUNT(Y35:AA35)=0,"Incomplete",IF(COUNT(AB35:AD35)=0,"Incomplete",IF(COUNT(AE35:AG35)=0,"Incomplete",AVERAGEIF(D35:F35,">=0")+AVERAGEIF(G35:I35,">=0")+AVERAGEIF(J35:L35,">=0")+AVERAGEIF(M35:O35,">=0")+AVERAGEIF(P35:R35,">=0")+AVERAGEIF(S35:U35,">=0")+AVERAGEIF(V35:X35,">=0")+AVERAGEIF(Y35:AA35,">=0")+AVERAGEIF(AB35:AD35,">=0")+AVERAGEIF(AE35:AG35,">=0"))))))))))))
A36: 30 | B36: =IF('(1).Classes'!B36="","",'(1).Classes'!B36) | C36: =IF('(1).Classes'!C36="","",'(1).Classes'!C36) | AH36: =IF(B36="","",IF(COUNT(D36:F36)=0,"Incomplete",IF(COUNT(G36:I36)=0,"Incomplete",IF(COUNT(J36:L36)=0,"Incomplete",IF(COUNT(M36:O36)=0,"Incomplete",IF(COUNT(P36:R36)=0,"Incomplete",IF(COUNT(S36:U36)=0,"Incomplete",IF(COUNT(V36:X36)=0,"Incomplete",IF(COUNT(Y36:AA36)=0,"Incomplete",IF(COUNT(AB36:AD36)=0,"Incomplete",IF(COUNT(AE36:AG36)=0,"Incomplete",AVERAGEIF(D36:F36,">=0")+AVERAGEIF(G36:I36,">=0")+AVERAGEIF(J36:L36,">=0")+AVERAGEIF(M36:O36,">=0")+AVERAGEIF(P36:R36,">=0")+AVERAGEIF(S36:U36,">=0")+AVERAGEIF(V36:X36,">=0")+AVERAGEIF(Y36:AA36,">=0")+AVERAGEIF(AB36:AD36,">=0")+AVERAGEIF(AE36:AG36,">=0"))))))))))))
A37: Br: | B37: ='(1).Classes'!F1 -> 0 | D37: MIDTERM DAILY SCORE SHEET
A38: Level: | B38: ='(1).Classes'!F2 -> 0
A39: Time: | B39: ='(1).Classes'!F3 -> 0 | D39: =D3 -> FEBRUARY - JULY 2026
A40: Room: | B40: ='(1).Classes'!F4 -> 0
A41: Tr: | B41: ='(1).Classes'!F5 -> 0 | D41: =IF(OR($B38="K5",$B38="K6",$B38="K7",$B38="K8",$B38="K9",$B38="K10"),"Listening","Up-Low C") -> Up-Low C | G41: =IF(OR($B38="K5",$B38="K6",$B38="K7",$B38="K8",$B38="K9",$B38="K10"),"Speaking","Alphabet N") -> Alphabet N | J41: =IF(OR($B38="K5",$B38="K6",$B38="K7",$B38="K8",$B38="K9",$B38="K10"),"Reading","Alphabet S") -> Alphabet S | M41: =IF(OR($B38="K5",$B38="K6",$B38="K7",$B38="K8",$B38="K9",$B38="K10"),"Writing","Vocabulary") -> Vocabulary | P41: =IF(OR($B38="K5",$B38="K6",$B38="K7",$B38="K8",$B38="K9",$B38="K10"),"Gram/Vocab","Sprouts") -> Sprouts | S41: =IF(OR($B38="K5",$B38="K6",$B38="K7",$B38="K8",$B38="K9",$B38="K10"),"Roots","Phonics") -> Phonics | V41: =IF(OR($B38="K5",$B38="K6",$B38="K7",$B38="K8",$B38="K9",$B38="K10"),"Phonics","Math") -> Math | Y41: =IF(OR($B38="K5",$B38="K6",$B38="K7",$B38="K8",$B38="K9",$B38="K10"),"Math","Shape") -> Shape | AB41: Science | AE41: =IF(OR($B38="K5",$B38="K6",$B38="K7",$B38="K8",$B38="K9",$B38="K10"),"Homework","Tracing") -> Tracing | AH41: Change
A42: NO | B42: NAME | C42: SEX | D42: 10 points | G42: 10 points | J42: 10 points | M42: 10 points | P42: 10 points | S42: 10 points | V42: 10 points | Y42: 10 points | AB42: 10 points | AE42: 10 points | AH42: Stop
A43: 1 | B43: =IF('(1).Classes'!F7="","",'(1).Classes'!F7) | C43: =IF('(1).Classes'!G7="","",'(1).Classes'!G7) | AH43: =IF(B43="","",IF(COUNT(D43:F43)=0,"Incomplete",IF(COUNT(G43:I43)=0,"Incomplete",IF(COUNT(J43:L43)=0,"Incomplete",IF(COUNT(M43:O43)=0,"Incomplete",IF(COUNT(P43:R43)=0,"Incomplete",IF(COUNT(S43:U43)=0,"Incomplete",IF(COUNT(V43:X43)=0,"Incomplete",IF(COUNT(Y43:AA43)=0,"Incomplete",IF(COUNT(AB43:AD43)=0,"Incomplete",IF(COUNT(AE43:AG43)=0,"Incomplete",AVERAGEIF(D43:F43,">=0")+AVERAGEIF(G43:I43,">=0")+AVERAGEIF(J43:L43,">=0")+AVERAGEIF(M43:O43,">=0")+AVERAGEIF(P43:R43,">=0")+AVERAGEIF(S43:U43,">=0")+AVERAGEIF(V43:X43,">=0")+AVERAGEIF(Y43:AA43,">=0")+AVERAGEIF(AB43:AD43,">=0")+AVERAGEIF(AE43:AG43,">=0"))))))))))))
A44: 2 | B44: =IF('(1).Classes'!F8="","",'(1).Classes'!F8) | C44: =IF('(1).Classes'!G8="","",'(1).Classes'!G8) | AH44: =IF(B44="","",IF(COUNT(D44:F44)=0,"Incomplete",IF(COUNT(G44:I44)=0,"Incomplete",IF(COUNT(J44:L44)=0,"Incomplete",IF(COUNT(M44:O44)=0,"Incomplete",IF(COUNT(P44:R44)=0,"Incomplete",IF(COUNT(S44:U44)=0,"Incomplete",IF(COUNT(V44:X44)=0,"Incomplete",IF(COUNT(Y44:AA44)=0,"Incomplete",IF(COUNT(AB44:AD44)=0,"Incomplete",IF(COUNT(AE44:AG44)=0,"Incomplete",AVERAGEIF(D44:F44,">=0")+AVERAGEIF(G44:I44,">=0")+AVERAGEIF(J44:L44,">=0")+AVERAGEIF(M44:O44,">=0")+AVERAGEIF(P44:R44,">=0")+AVERAGEIF(S44:U44,">=0")+AVERAGEIF(V44:X44,">=0")+AVERAGEIF(Y44:AA44,">=0")+AVERAGEIF(AB44:AD44,">=0")+AVERAGEIF(AE44:AG44,">=0"))))))))))))
A45: 3 | B45: =IF('(1).Classes'!F9="","",'(1).Classes'!F9) | C45: =IF('(1).Classes'!G9="","",'(1).Classes'!G9) | AH45: =IF(B45="","",IF(COUNT(D45:F45)=0,"Incomplete",IF(COUNT(G45:I45)=0,"Incomplete",IF(COUNT(J45:L45)=0,"Incomplete",IF(COUNT(M45:O45)=0,"Incomplete",IF(COUNT(P45:R45)=0,"Incomplete",IF(COUNT(S45:U45)=0,"Incomplete",IF(COUNT(V45:X45)=0,"Incomplete",IF(COUNT(Y45:AA45)=0,"Incomplete",IF(COUNT(AB45:AD45)=0,"Incomplete",IF(COUNT(AE45:AG45)=0,"Incomplete",AVERAGEIF(D45:F45,">=0")+AVERAGEIF(G45:I45,">=0")+AVERAGEIF(J45:L45,">=0")+AVERAGEIF(M45:O45,">=0")+AVERAGEIF(P45:R45,">=0")+AVERAGEIF(S45:U45,">=0")+AVERAGEIF(V45:X45,">=0")+AVERAGEIF(Y45:AA45,">=0")+AVERAGEIF(AB45:AD45,">=0")+AVERAGEIF(AE45:AG45,">=0"))))))))))))
A46: 4 | B46: =IF('(1).Classes'!F10="","",'(1).Classes'!F10) | C46: =IF('(1).Classes'!G10="","",'(1).Classes'!G10) | AH46: =IF(B46="","",IF(COUNT(D46:F46)=0,"Incomplete",IF(COUNT(G46:I46)=0,"Incomplete",IF(COUNT(J46:L46)=0,"Incomplete",IF(COUNT(M46:O46)=0,"Incomplete",IF(COUNT(P46:R46)=0,"Incomplete",IF(COUNT(S46:U46)=0,"Incomplete",IF(COUNT(V46:X46)=0,"Incomplete",IF(COUNT(Y46:AA46)=0,"Incomplete",IF(COUNT(AB46:AD46)=0,"Incomplete",IF(COUNT(AE46:AG46)=0,"Incomplete",AVERAGEIF(D46:F46,">=0")+AVERAGEIF(G46:I46,">=0")+AVERAGEIF(J46:L46,">=0")+AVERAGEIF(M46:O46,">=0")+AVERAGEIF(P46:R46,">=0")+AVERAGEIF(S46:U46,">=0")+AVERAGEIF(V46:X46,">=0")+AVERAGEIF(Y46:AA46,">=0")+AVERAGEIF(AB46:AD46,">=0")+AVERAGEIF(AE46:AG46,">=0"))))))))))))
A47: 5 | B47: =IF('(1).Classes'!F11="","",'(1).Classes'!F11) | C47: =IF('(1).Classes'!G11="","",'(1).Classes'!G11) | AH47: =IF(B47="","",IF(COUNT(D47:F47)=0,"Incomplete",IF(COUNT(G47:I47)=0,"Incomplete",IF(COUNT(J47:L47)=0,"Incomplete",IF(COUNT(M47:O47)=0,"Incomplete",IF(COUNT(P47:R47)=0,"Incomplete",IF(COUNT(S47:U47)=0,"Incomplete",IF(COUNT(V47:X47)=0,"Incomplete",IF(COUNT(Y47:AA47)=0,"Incomplete",IF(COUNT(AB47:AD47)=0,"Incomplete",IF(COUNT(AE47:AG47)=0,"Incomplete",AVERAGEIF(D47:F47,">=0")+AVERAGEIF(G47:I47,">=0")+AVERAGEIF(J47:L47,">=0")+AVERAGEIF(M47:O47,">=0")+AVERAGEIF(P47:R47,">=0")+AVERAGEIF(S47:U47,">=0")+AVERAGEIF(V47:X47,">=0")+AVERAGEIF(Y47:AA47,">=0")+AVERAGEIF(AB47:AD47,">=0")+AVERAGEIF(AE47:AG47,">=0"))))))))))))
A48: 6 | B48: =IF('(1).Classes'!F12="","",'(1).Classes'!F12) | C48: =IF('(1).Classes'!G12="","",'(1).Classes'!G12) | AH48: =IF(B48="","",IF(COUNT(D48:F48)=0,"Incomplete",IF(COUNT(G48:I48)=0,"Incomplete",IF(COUNT(J48:L48)=0,"Incomplete",IF(COUNT(M48:O48)=0,"Incomplete",IF(COUNT(P48:R48)=0,"Incomplete",IF(COUNT(S48:U48)=0,"Incomplete",IF(COUNT(V48:X48)=0,"Incomplete",IF(COUNT(Y48:AA48)=0,"Incomplete",IF(COUNT(AB48:AD48)=0,"Incomplete",IF(COUNT(AE48:AG48)=0,"Incomplete",AVERAGEIF(D48:F48,">=0")+AVERAGEIF(G48:I48,">=0")+AVERAGEIF(J48:L48,">=0")+AVERAGEIF(M48:O48,">=0")+AVERAGEIF(P48:R48,">=0")+AVERAGEIF(S48:U48,">=0")+AVERAGEIF(V48:X48,">=0")+AVERAGEIF(Y48:AA48,">=0")+AVERAGEIF(AB48:AD48,">=0")+AVERAGEIF(AE48:AG48,">=0"))))))))))))
A49: 7 | B49: =IF('(1).Classes'!F13="","",'(1).Classes'!F13) | C49: =IF('(1).Classes'!G13="","",'(1).Classes'!G13) | AH49: =IF(B49="","",IF(COUNT(D49:F49)=0,"Incomplete",IF(COUNT(G49:I49)=0,"Incomplete",IF(COUNT(J49:L49)=0,"Incomplete",IF(COUNT(M49:O49)=0,"Incomplete",IF(COUNT(P49:R49)=0,"Incomplete",IF(COUNT(S49:U49)=0,"Incomplete",IF(COUNT(V49:X49)=0,"Incomplete",IF(COUNT(Y49:AA49)=0,"Incomplete",IF(COUNT(AB49:AD49)=0,"Incomplete",IF(COUNT(AE49:AG49)=0,"Incomplete",AVERAGEIF(D49:F49,">=0")+AVERAGEIF(G49:I49,">=0")+AVERAGEIF(J49:L49,">=0")+AVERAGEIF(M49:O49,">=0")+AVERAGEIF(P49:R49,">=0")+AVERAGEIF(S49:U49,">=0")+AVERAGEIF(V49:X49,">=0")+AVERAGEIF(Y49:AA49,">=0")+AVERAGEIF(AB49:AD49,">=0")+AVERAGEIF(AE49:AG49,">=0"))))))))))))
A50: 8 | B50: =IF('(1).Classes'!F14="","",'(1).Classes'!F14) | C50: =IF('(1).Classes'!G14="","",'(1).Classes'!G14) | AH50: =IF(B50="","",IF(COUNT(D50:F50)=0,"Incomplete",IF(COUNT(G50:I50)=0,"Incomplete",IF(COUNT(J50:L50)=0,"Incomplete",IF(COUNT(M50:O50)=0,"Incomplete",IF(COUNT(P50:R50)=0,"Incomplete",IF(COUNT(S50:U50)=0,"Incomplete",IF(COUNT(V50:X50)=0,"Incomplete",IF(COUNT(Y50:AA50)=0,"Incomplete",IF(COUNT(AB50:AD50)=0,"Incomplete",IF(COUNT(AE50:AG50)=0,"Incomplete",AVERAGEIF(D50:F50,">=0")+AVERAGEIF(G50:I50,">=0")+AVERAGEIF(J50:L50,">=0")+AVERAGEIF(M50:O50,">=0")+AVERAGEIF(P50:R50,">=0")+AVERAGEIF(S50:U50,">=0")+AVERAGEIF(V50:X50,">=0")+AVERAGEIF(Y50:AA50,">=0")+AVERAGEIF(AB50:AD50,">=0")+AVERAGEIF(AE50:AG50,">=0"))))))))))))
A51: 9 | B51: =IF('(1).Classes'!F15="","",'(1).Classes'!F15) | C51: =IF('(1).Classes'!G15="","",'(1).Classes'!G15) | AH51: =IF(B51="","",IF(COUNT(D51:F51)=0,"Incomplete",IF(COUNT(G51:I51)=0,"Incomplete",IF(COUNT(J51:L51)=0,"Incomplete",IF(COUNT(M51:O51)=0,"Incomplete",IF(COUNT(P51:R51)=0,"Incomplete",IF(COUNT(S51:U51)=0,"Incomplete",IF(COUNT(V51:X51)=0,"Incomplete",IF(COUNT(Y51:AA51)=0,"Incomplete",IF(COUNT(AB51:AD51)=0,"Incomplete",IF(COUNT(AE51:AG51)=0,"Incomplete",AVERAGEIF(D51:F51,">=0")+AVERAGEIF(G51:I51,">=0")+AVERAGEIF(J51:L51,">=0")+AVERAGEIF(M51:O51,">=0")+AVERAGEIF(P51:R51,">=0")+AVERAGEIF(S51:U51,">=0")+AVERAGEIF(V51:X51,">=0")+AVERAGEIF(Y51:AA51,">=0")+AVERAGEIF(AB51:AD51,">=0")+AVERAGEIF(AE51:AG51,">=0"))))))))))))
A52: 10 | B52: =IF('(1).Classes'!F16="","",'(1).Classes'!F16) | C52: =IF('(1).Classes'!G16="","",'(1).Classes'!G16) | AH52: =IF(B52="","",IF(COUNT(D52:F52)=0,"Incomplete",IF(COUNT(G52:I52)=0,"Incomplete",IF(COUNT(J52:L52)=0,"Incomplete",IF(COUNT(M52:O52)=0,"Incomplete",IF(COUNT(P52:R52)=0,"Incomplete",IF(COUNT(S52:U52)=0,"Incomplete",IF(COUNT(V52:X52)=0,"Incomplete",IF(COUNT(Y52:AA52)=0,"Incomplete",IF(COUNT(AB52:AD52)=0,"Incomplete",IF(COUNT(AE52:AG52)=0,"Incomplete",AVERAGEIF(D52:F52,">=0")+AVERAGEIF(G52:I52,">=0")+AVERAGEIF(J52:L52,">=0")+AVERAGEIF(M52:O52,">=0")+AVERAGEIF(P52:R52,">=0")+AVERAGEIF(S52:U52,">=0")+AVERAGEIF(V52:X52,">=0")+AVERAGEIF(Y52:AA52,">=0")+AVERAGEIF(AB52:AD52,">=0")+AVERAGEIF(AE52:AG52,">=0"))))))))))))
A53: 11 | B53: =IF('(1).Classes'!F17="","",'(1).Classes'!F17) | C53: =IF('(1).Classes'!G17="","",'(1).Classes'!G17) | AH53: =IF(B53="","",IF(COUNT(D53:F53)=0,"Incomplete",IF(COUNT(G53:I53)=0,"Incomplete",IF(COUNT(J53:L53)=0,"Incomplete",IF(COUNT(M53:O53)=0,"Incomplete",IF(COUNT(P53:R53)=0,"Incomplete",IF(COUNT(S53:U53)=0,"Incomplete",IF(COUNT(V53:X53)=0,"Incomplete",IF(COUNT(Y53:AA53)=0,"Incomplete",IF(COUNT(AB53:AD53)=0,"Incomplete",IF(COUNT(AE53:AG53)=0,"Incomplete",AVERAGEIF(D53:F53,">=0")+AVERAGEIF(G53:I53,">=0")+AVERAGEIF(J53:L53,">=0")+AVERAGEIF(M53:O53,">=0")+AVERAGEIF(P53:R53,">=0")+AVERAGEIF(S53:U53,">=0")+AVERAGEIF(V53:X53,">=0")+AVERAGEIF(Y53:AA53,">=0")+AVERAGEIF(AB53:AD53,">=0")+AVERAGEIF(AE53:AG53,">=0"))))))))))))
A54: 12 | B54: =IF('(1).Classes'!F18="","",'(1).Classes'!F18) | C54: =IF('(1).Classes'!G18="","",'(1).Classes'!G18) | AH54: =IF(B54="","",IF(COUNT(D54:F54)=0,"Incomplete",IF(COUNT(G54:I54)=0,"Incomplete",IF(COUNT(J54:L54)=0,"Incomplete",IF(COUNT(M54:O54)=0,"Incomplete",IF(COUNT(P54:R54)=0,"Incomplete",IF(COUNT(S54:U54)=0,"Incomplete",IF(COUNT(V54:X54)=0,"Incomplete",IF(COUNT(Y54:AA54)=0,"Incomplete",IF(COUNT(AB54:AD54)=0,"Incomplete",IF(COUNT(AE54:AG54)=0,"Incomplete",AVERAGEIF(D54:F54,">=0")+AVERAGEIF(G54:I54,">=0")+AVERAGEIF(J54:L54,">=0")+AVERAGEIF(M54:O54,">=0")+AVERAGEIF(P54:R54,">=0")+AVERAGEIF(S54:U54,">=0")+AVERAGEIF(V54:X54,">=0")+AVERAGEIF(Y54:AA54,">=0")+AVERAGEIF(AB54:AD54,">=0")+AVERAGEIF(AE54:AG54,">=0"))))))))))))
... A72: 30 | B72: =IF('(1).Classes'!F36="","",'(1).Classes'!F36) | C72: =IF('(1).Classes'!G36="","",'(1).Classes'!G36) | AH72: =IF(B72="","",IF(COUNT(D72:F72)=0,"Incomplete",IF(COUNT(G72:I72)=0,"Incomplete",IF(COUNT(J72:L72)=0,"Incomplete",IF(COUNT(M72:O72)=0,"Incomplete",IF(COUNT(P72:R72)=0,"Incomplete",IF(COUNT(S72:U72)=0,"Incomplete",IF(COUNT(V72:X72)=0,"Incomplete",IF(COUNT(Y72:AA72)=0,"Incomplete",IF(COUNT(AB72:AD72)=0,"Incomplete",IF(COUNT(AE72:AG72)=0,"Incomplete",AVERAGEIF(D72:F72,">=0")+AVERAGEIF(G72:I72,">=0")+AVERAGEIF(J72:L72,">=0")+AVERAGEIF(M72:O72,">=0")+AVERAGEIF(P72:R72,">=0")+AVERAGEIF(S72:U72,">=0")+AVERAGEIF(V72:X72,">=0")+AVERAGEIF(Y72:AA72,">=0")+AVERAGEIF(AB72:AD72,">=0")+AVERAGEIF(AE72:AG72,">=0"))))))))))))
A73: Br: | B73: ='(1).Classes'!J1 -> 0 | D73: MIDTERM DAILY SCORE SHEET
A74: Level: | B74: ='(1).Classes'!J2 -> 0
A75: Time: | B75: ='(1).Classes'!J3 -> 0 | D75: =D39 -> FEBRUARY - JULY 2026
A76: Room: | B76: ='(1).Classes'!J4 -> 0
A77: Tr: | B77: ='(1).Classes'!J5 -> 0 | D77: =IF(OR($B74="K5",$B74="K6",$B74="K7",$B74="K8",$B74="K9",$B74="K10"),"Listening","Up-Low C") -> Up-Low C | G77: =IF(OR($B74="K5",$B74="K6",$B74="K7",$B74="K8",$B74="K9",$B74="K10"),"Speaking","Alphabet N") -> Alphabet N | J77: =IF(OR($B74="K5",$B74="K6",$B74="K7",$B74="K8",$B74="K9",$B74="K10"),"Reading","Alphabet S") -> Alphabet S | M77: =IF(OR($B74="K5",$B74="K6",$B74="K7",$B74="K8",$B74="K9",$B74="K10"),"Writing","Vocabulary") -> Vocabulary | P77: =IF(OR($B74="K5",$B74="K6",$B74="K7",$B74="K8",$B74="K9",$B74="K10"),"Gram/Vocab","Sprouts") -> Sprouts | S77: =IF(OR($B74="K5",$B74="K6",$B74="K7",$B74="K8",$B74="K9",$B74="K10"),"Roots","Phonics") -> Phonics | V77: =IF(OR($B74="K5",$B74="K6",$B74="K7",$B74="K8",$B74="K9",$B74="K10"),"Phonics","Math") -> Math | Y77: =IF(OR($B74="K5",$B74="K6",$B74="K7",$B74="K8",$B74="K9",$B74="K10"),"Math","Shape") -> Shape | AB77: Science | AE77: =IF(OR($B74="K5",$B74="K6",$B74="K7",$B74="K8",$B74="K9",$B74="K10"),"Homework","Tracing") -> Tracing | AH77: Change
A78: NO | B78: NAME | C78: SEX | D78: 10 points | G78: 10 points | J78: 10 points | M78: 10 points | P78: 10 points | S78: 10 points | V78: 10 points | Y78: 10 points | AB78: 10 points | AE78: 10 points | AH78: Stop
A79: 1 | B79: =IF('(1).Classes'!J7="","",'(1).Classes'!J7) | C79: =IF('(1).Classes'!K7="","",'(1).Classes'!K7) | AH79: =IF(B79="","",IF(COUNT(D79:F79)=0,"Incomplete",IF(COUNT(G79:I79)=0,"Incomplete",IF(COUNT(J79:L79)=0,"Incomplete",IF(COUNT(M79:O79)=0,"Incomplete",IF(COUNT(P79:R79)=0,"Incomplete",IF(COUNT(S79:U79)=0,"Incomplete",IF(COUNT(V79:X79)=0,"Incomplete",IF(COUNT(Y79:AA79)=0,"Incomplete",IF(COUNT(AB79:AD79)=0,"Incomplete",IF(COUNT(AE79:AG79)=0,"Incomplete",AVERAGEIF(D79:F79,">=0")+AVERAGEIF(G79:I79,">=0")+AVERAGEIF(J79:L79,">=0")+AVERAGEIF(M79:O79,">=0")+AVERAGEIF(P79:R79,">=0")+AVERAGEIF(S79:U79,">=0")+AVERAGEIF(V79:X79,">=0")+AVERAGEIF(Y79:AA79,">=0")+AVERAGEIF(AB79:AD79,">=0")+AVERAGEIF(AE79:AG79,">=0"))))))))))))
A80: 2 | B80: =IF('(1).Classes'!J8="","",'(1).Classes'!J8) | C80: =IF('(1).Classes'!K8="","",'(1).Classes'!K8) | AH80: =IF(B80="","",IF(COUNT(D80:F80)=0,"Incomplete",IF(COUNT(G80:I80)=0,"Incomplete",IF(COUNT(J80:L80)=0,"Incomplete",IF(COUNT(M80:O80)=0,"Incomplete",IF(COUNT(P80:R80)=0,"Incomplete",IF(COUNT(S80:U80)=0,"Incomplete",IF(COUNT(V80:X80)=0,"Incomplete",IF(COUNT(Y80:AA80)=0,"Incomplete",IF(COUNT(AB80:AD80)=0,"Incomplete",IF(COUNT(AE80:AG80)=0,"Incomplete",AVERAGEIF(D80:F80,">=0")+AVERAGEIF(G80:I80,">=0")+AVERAGEIF(J80:L80,">=0")+AVERAGEIF(M80:O80,">=0")+AVERAGEIF(P80:R80,">=0")+AVERAGEIF(S80:U80,">=0")+AVERAGEIF(V80:X80,">=0")+AVERAGEIF(Y80:AA80,">=0")+AVERAGEIF(AB80:AD80,">=0")+AVERAGEIF(AE80:AG80,">=0"))))))))))))
A81: 3 | B81: =IF('(1).Classes'!J9="","",'(1).Classes'!J9) | C81: =IF('(1).Classes'!K9="","",'(1).Classes'!K9) | AH81: =IF(B81="","",IF(COUNT(D81:F81)=0,"Incomplete",IF(COUNT(G81:I81)=0,"Incomplete",IF(COUNT(J81:L81)=0,"Incomplete",IF(COUNT(M81:O81)=0,"Incomplete",IF(COUNT(P81:R81)=0,"Incomplete",IF(COUNT(S81:U81)=0,"Incomplete",IF(COUNT(V81:X81)=0,"Incomplete",IF(COUNT(Y81:AA81)=0,"Incomplete",IF(COUNT(AB81:AD81)=0,"Incomplete",IF(COUNT(AE81:AG81)=0,"Incomplete",AVERAGEIF(D81:F81,">=0")+AVERAGEIF(G81:I81,">=0")+AVERAGEIF(J81:L81,">=0")+AVERAGEIF(M81:O81,">=0")+AVERAGEIF(P81:R81,">=0")+AVERAGEIF(S81:U81,">=0")+AVERAGEIF(V81:X81,">=0")+AVERAGEIF(Y81:AA81,">=0")+AVERAGEIF(AB81:AD81,">=0")+AVERAGEIF(AE81:AG81,">=0"))))))))))))
A82: 4 | B82: =IF('(1).Classes'!J10="","",'(1).Classes'!J10) | C82: =IF('(1).Classes'!K10="","",'(1).Classes'!K10) | AH82: =IF(B82="","",IF(COUNT(D82:F82)=0,"Incomplete",IF(COUNT(G82:I82)=0,"Incomplete",IF(COUNT(J82:L82)=0,"Incomplete",IF(COUNT(M82:O82)=0,"Incomplete",IF(COUNT(P82:R82)=0,"Incomplete",IF(COUNT(S82:U82)=0,"Incomplete",IF(COUNT(V82:X82)=0,"Incomplete",IF(COUNT(Y82:AA82)=0,"Incomplete",IF(COUNT(AB82:AD82)=0,"Incomplete",IF(COUNT(AE82:AG82)=0,"Incomplete",AVERAGEIF(D82:F82,">=0")+AVERAGEIF(G82:I82,">=0")+AVERAGEIF(J82:L82,">=0")+AVERAGEIF(M82:O82,">=0")+AVERAGEIF(P82:R82,">=0")+AVERAGEIF(S82:U82,">=0")+AVERAGEIF(V82:X82,">=0")+AVERAGEIF(Y82:AA82,">=0")+AVERAGEIF(AB82:AD82,">=0")+AVERAGEIF(AE82:AG82,">=0"))))))))))))
A83: 5 | B83: =IF('(1).Classes'!J11="","",'(1).Classes'!J11) | C83: =IF('(1).Classes'!K11="","",'(1).Classes'!K11) | AH83: =IF(B83="","",IF(COUNT(D83:F83)=0,"Incomplete",IF(COUNT(G83:I83)=0,"Incomplete",IF(COUNT(J83:L83)=0,"Incomplete",IF(COUNT(M83:O83)=0,"Incomplete",IF(COUNT(P83:R83)=0,"Incomplete",IF(COUNT(S83:U83)=0,"Incomplete",IF(COUNT(V83:X83)=0,"Incomplete",IF(COUNT(Y83:AA83)=0,"Incomplete",IF(COUNT(AB83:AD83)=0,"Incomplete",IF(COUNT(AE83:AG83)=0,"Incomplete",AVERAGEIF(D83:F83,">=0")+AVERAGEIF(G83:I83,">=0")+AVERAGEIF(J83:L83,">=0")+AVERAGEIF(M83:O83,">=0")+AVERAGEIF(P83:R83,">=0")+AVERAGEIF(S83:U83,">=0")+AVERAGEIF(V83:X83,">=0")+AVERAGEIF(Y83:AA83,">=0")+AVERAGEIF(AB83:AD83,">=0")+AVERAGEIF(AE83:AG83,">=0"))))))))))))
A84: 6 | B84: =IF('(1).Classes'!J12="","",'(1).Classes'!J12) | C84: =IF('(1).Classes'!K12="","",'(1).Classes'!K12) | AH84: =IF(B84="","",IF(COUNT(D84:F84)=0,"Incomplete",IF(COUNT(G84:I84)=0,"Incomplete",IF(COUNT(J84:L84)=0,"Incomplete",IF(COUNT(M84:O84)=0,"Incomplete",IF(COUNT(P84:R84)=0,"Incomplete",IF(COUNT(S84:U84)=0,"Incomplete",IF(COUNT(V84:X84)=0,"Incomplete",IF(COUNT(Y84:AA84)=0,"Incomplete",IF(COUNT(AB84:AD84)=0,"Incomplete",IF(COUNT(AE84:AG84)=0,"Incomplete",AVERAGEIF(D84:F84,">=0")+AVERAGEIF(G84:I84,">=0")+AVERAGEIF(J84:L84,">=0")+AVERAGEIF(M84:O84,">=0")+AVERAGEIF(P84:R84,">=0")+AVERAGEIF(S84:U84,">=0")+AVERAGEIF(V84:X84,">=0")+AVERAGEIF(Y84:AA84,">=0")+AVERAGEIF(AB84:AD84,">=0")+AVERAGEIF(AE84:AG84,">=0"))))))))))))
A85: 7 | B85: =IF('(1).Classes'!J13="","",'(1).Classes'!J13) | C85: =IF('(1).Classes'!K13="","",'(1).Classes'!K13) | AH85: =IF(B85="","",IF(COUNT(D85:F85)=0,"Incomplete",IF(COUNT(G85:I85)=0,"Incomplete",IF(COUNT(J85:L85)=0,"Incomplete",IF(COUNT(M85:O85)=0,"Incomplete",IF(COUNT(P85:R85)=0,"Incomplete",IF(COUNT(S85:U85)=0,"Incomplete",IF(COUNT(V85:X85)=0,"Incomplete",IF(COUNT(Y85:AA85)=0,"Incomplete",IF(COUNT(AB85:AD85)=0,"Incomplete",IF(COUNT(AE85:AG85)=0,"Incomplete",AVERAGEIF(D85:F85,">=0")+AVERAGEIF(G85:I85,">=0")+AVERAGEIF(J85:L85,">=0")+AVERAGEIF(M85:O85,">=0")+AVERAGEIF(P85:R85,">=0")+AVERAGEIF(S85:U85,">=0")+AVERAGEIF(V85:X85,">=0")+AVERAGEIF(Y85:AA85,">=0")+AVERAGEIF(AB85:AD85,">=0")+AVERAGEIF(AE85:AG85,">=0"))))))))))))
A86: 8 | B86: =IF('(1).Classes'!J14="","",'(1).Classes'!J14) | C86: =IF('(1).Classes'!K14="","",'(1).Classes'!K14) | AH86: =IF(B86="","",IF(COUNT(D86:F86)=0,"Incomplete",IF(COUNT(G86:I86)=0,"Incomplete",IF(COUNT(J86:L86)=0,"Incomplete",IF(COUNT(M86:O86)=0,"Incomplete",IF(COUNT(P86:R86)=0,"Incomplete",IF(COUNT(S86:U86)=0,"Incomplete",IF(COUNT(V86:X86)=0,"Incomplete",IF(COUNT(Y86:AA86)=0,"Incomplete",IF(COUNT(AB86:AD86)=0,"Incomplete",IF(COUNT(AE86:AG86)=0,"Incomplete",AVERAGEIF(D86:F86,">=0")+AVERAGEIF(G86:I86,">=0")+AVERAGEIF(J86:L86,">=0")+AVERAGEIF(M86:O86,">=0")+AVERAGEIF(P86:R86,">=0")+AVERAGEIF(S86:U86,">=0")+AVERAGEIF(V86:X86,">=0")+AVERAGEIF(Y86:AA86,">=0")+AVERAGEIF(AB86:AD86,">=0")+AVERAGEIF(AE86:AG86,">=0"))))))))))))
A87: 9 | B87: =IF('(1).Classes'!J15="","",'(1).Classes'!J15) | C87: =IF('(1).Classes'!K15="","",'(1).Classes'!K15) | AH87: =IF(B87="","",IF(COUNT(D87:F87)=0,"Incomplete",IF(COUNT(G87:I87)=0,"Incomplete",IF(COUNT(J87:L87)=0,"Incomplete",IF(COUNT(M87:O87)=0,"Incomplete",IF(COUNT(P87:R87)=0,"Incomplete",IF(COUNT(S87:U87)=0,"Incomplete",IF(COUNT(V87:X87)=0,"Incomplete",IF(COUNT(Y87:AA87)=0,"Incomplete",IF(COUNT(AB87:AD87)=0,"Incomplete",IF(COUNT(AE87:AG87)=0,"Incomplete",AVERAGEIF(D87:F87,">=0")+AVERAGEIF(G87:I87,">=0")+AVERAGEIF(J87:L87,">=0")+AVERAGEIF(M87:O87,">=0")+AVERAGEIF(P87:R87,">=0")+AVERAGEIF(S87:U87,">=0")+AVERAGEIF(V87:X87,">=0")+AVERAGEIF(Y87:AA87,">=0")+AVERAGEIF(AB87:AD87,">=0")+AVERAGEIF(AE87:AG87,">=0"))))))))))))
A88: 10 | B88: =IF('(1).Classes'!J16="","",'(1).Classes'!J16) | C88: =IF('(1).Classes'!K16="","",'(1).Classes'!K16) | AH88: =IF(B88="","",IF(COUNT(D88:F88)=0,"Incomplete",IF(COUNT(G88:I88)=0,"Incomplete",IF(COUNT(J88:L88)=0,"Incomplete",IF(COUNT(M88:O88)=0,"Incomplete",IF(COUNT(P88:R88)=0,"Incomplete",IF(COUNT(S88:U88)=0,"Incomplete",IF(COUNT(V88:X88)=0,"Incomplete",IF(COUNT(Y88:AA88)=0,"Incomplete",IF(COUNT(AB88:AD88)=0,"Incomplete",IF(COUNT(AE88:AG88)=0,"Incomplete",AVERAGEIF(D88:F88,">=0")+AVERAGEIF(G88:I88,">=0")+AVERAGEIF(J88:L88,">=0")+AVERAGEIF(M88:O88,">=0")+AVERAGEIF(P88:R88,">=0")+AVERAGEIF(S88:U88,">=0")+AVERAGEIF(V88:X88,">=0")+AVERAGEIF(Y88:AA88,">=0")+AVERAGEIF(AB88:AD88,">=0")+AVERAGEIF(AE88:AG88,">=0"))))))))))))
A89: 11 | B89: =IF('(1).Classes'!J17="","",'(1).Classes'!J17) | C89: =IF('(1).Classes'!K17="","",'(1).Classes'!K17) | AH89: =IF(B89="","",IF(COUNT(D89:F89)=0,"Incomplete",IF(COUNT(G89:I89)=0,"Incomplete",IF(COUNT(J89:L89)=0,"Incomplete",IF(COUNT(M89:O89)=0,"Incomplete",IF(COUNT(P89:R89)=0,"Incomplete",IF(COUNT(S89:U89)=0,"Incomplete",IF(COUNT(V89:X89)=0,"Incomplete",IF(COUNT(Y89:AA89)=0,"Incomplete",IF(COUNT(AB89:AD89)=0,"Incomplete",IF(COUNT(AE89:AG89)=0,"Incomplete",AVERAGEIF(D89:F89,">=0")+AVERAGEIF(G89:I89,">=0")+AVERAGEIF(J89:L89,">=0")+AVERAGEIF(M89:O89,">=0")+AVERAGEIF(P89:R89,">=0")+AVERAGEIF(S89:U89,">=0")+AVERAGEIF(V89:X89,">=0")+AVERAGEIF(Y89:AA89,">=0")+AVERAGEIF(AB89:AD89,">=0")+AVERAGEIF(AE89:AG89,">=0"))))))))))))
A90: 12 | B90: =IF('(1).Classes'!J18="","",'(1).Classes'!J18) | C90: =IF('(1).Classes'!K18="","",'(1).Classes'!K18) | AH90: =IF(B90="","",IF(COUNT(D90:F90)=0,"Incomplete",IF(COUNT(G90:I90)=0,"Incomplete",IF(COUNT(J90:L90)=0,"Incomplete",IF(COUNT(M90:O90)=0,"Incomplete",IF(COUNT(P90:R90)=0,"Incomplete",IF(COUNT(S90:U90)=0,"Incomplete",IF(COUNT(V90:X90)=0,"Incomplete",IF(COUNT(Y90:AA90)=0,"Incomplete",IF(COUNT(AB90:AD90)=0,"Incomplete",IF(COUNT(AE90:AG90)=0,"Incomplete",AVERAGEIF(D90:F90,">=0")+AVERAGEIF(G90:I90,">=0")+AVERAGEIF(J90:L90,">=0")+AVERAGEIF(M90:O90,">=0")+AVERAGEIF(P90:R90,">=0")+AVERAGEIF(S90:U90,">=0")+AVERAGEIF(V90:X90,">=0")+AVERAGEIF(Y90:AA90,">=0")+AVERAGEIF(AB90:AD90,">=0")+AVERAGEIF(AE90:AG90,">=0"))))))))))))
... A108: 30 | B108: =IF('(1).Classes'!J36="","",'(1).Classes'!J36) | C108: =IF('(1).Classes'!K36="","",'(1).Classes'!K36) | AH108: =IF(B108="","",IF(COUNT(D108:F108)=0,"Incomplete",IF(COUNT(G108:I108)=0,"Incomplete",IF(COUNT(J108:L108)=0,"Incomplete",IF(COUNT(M108:O108)=0,"Incomplete",IF(COUNT(P108:R108)=0,"Incomplete",IF(COUNT(S108:U108)=0,"Incomplete",IF(COUNT(V108:X108)=0,"Incomplete",IF(COUNT(Y108:AA108)=0,"Incomplete",IF(COUNT(AB108:AD108)=0,"Incomplete",IF(COUNT(AE108:AG108)=0,"Incomplete",AVERAGEIF(D108:F108,">=0")+AVERAGEIF(G108:I108,">=0")+AVERAGEIF(J108:L108,">=0")+AVERAGEIF(M108:O108,">=0")+AVERAGEIF(P108:R108,">=0")+AVERAGEIF(S108:U108,">=0")+AVERAGEIF(V108:X108,">=0")+AVERAGEIF(Y108:AA108,">=0")+AVERAGEIF(AB108:AD108,">=0")+AVERAGEIF(AE108:AG108,">=0"))))))))))))
A109: Br: | B109: ='(1).Classes'!B37 -> 0 | D109: MIDTERM DAILY SCORE SHEET
A110: Level: | B110: ='(1).Classes'!B38 -> 0
A111: Time: | B111: ='(1).Classes'!B39 -> 0 | D111: =D75 -> FEBRUARY - JULY 2026
A112: Room: | B112: ='(1).Classes'!B40 -> 0
A113: Tr: | B113: ='(1).Classes'!B41 -> 0 | D113: =IF(OR($B110="K5",$B110="K6",$B110="K7",$B110="K8",$B110="K9",$B110="K10"),"Listening","Up-Low C") -> Up-Low C | G113: =IF(OR($B110="K5",$B110="K6",$B110="K7",$B110="K8",$B110="K9",$B110="K10"),"Speaking","Alphabet N") -> Alphabet N | J113: =IF(OR($B110="K5",$B110="K6",$B110="K7",$B110="K8",$B110="K9",$B110="K10"),"Reading","Alphabet S") -> Alphabet S | M113: =IF(OR($B110="K5",$B110="K6",$B110="K7",$B110="K8",$B110="K9",$B110="K10"),"Writing","Vocabulary") -> Vocabulary | P113: =IF(OR($B110="K5",$B110="K6",$B110="K7",$B110="K8",$B110="K9",$B110="K10"),"Gram/Vocab","Sprouts") -> Sprouts | S113: =IF(OR($B110="K5",$B110="K6",$B110="K7",$B110="K8",$B110="K9",$B110="K10"),"Roots","Phonics") -> Phonics | V113: =IF(OR($B110="K5",$B110="K6",$B110="K7",$B110="K8",$B110="K9",$B110="K10"),"Phonics","Math") -> Math | Y113: =IF(OR($B110="K5",$B110="K6",$B110="K7",$B110="K8",$B110="K9",$B110="K10"),"Math","Shape") -> Shape | AB113: Science | AE113: =IF(OR($B110="K5",$B110="K6",$B110="K7",$B110="K8",$B110="K9",$B110="K10"),"Homework","Tracing") -> Tracing | AH113: Change
A114: NO | B114: NAME | C114: SEX | D114: 10 points | G114: 10 points | J114: 10 points | M114: 10 points | P114: 10 points | S114: 10 points | V114: 10 points | Y114: 10 points | AB114: 10 points | AE114: 10 points | AH114: Stop
A115: 1 | B115: =IF('(1).Classes'!B43="","",'(1).Classes'!B43) | C115: =IF('(1).Classes'!C43="","",'(1).Classes'!C43) | AH115: =IF(B115="","",IF(COUNT(D115:F115)=0,"Incomplete",IF(COUNT(G115:I115)=0,"Incomplete",IF(COUNT(J115:L115)=0,"Incomplete",IF(COUNT(M115:O115)=0,"Incomplete",IF(COUNT(P115:R115)=0,"Incomplete",IF(COUNT(S115:U115)=0,"Incomplete",IF(COUNT(V115:X115)=0,"Incomplete",IF(COUNT(Y115:AA115)=0,"Incomplete",IF(COUNT(AB115:AD115)=0,"Incomplete",IF(COUNT(AE115:AG115)=0,"Incomplete",AVERAGEIF(D115:F115,">=0")+AVERAGEIF(G115:I115,">=0")+AVERAGEIF(J115:L115,">=0")+AVERAGEIF(M115:O115,">=0")+AVERAGEIF(P115:R115,">=0")+AVERAGEIF(S115:U115,">=0")+AVERAGEIF(V115:X115,">=0")+AVERAGEIF(Y115:AA115,">=0")+AVERAGEIF(AB115:AD115,">=0")+AVERAGEIF(AE115:AG115,">=0"))))))))))))
A116: 2 | B116: =IF('(1).Classes'!B44="","",'(1).Classes'!B44) | C116: =IF('(1).Classes'!C44="","",'(1).Classes'!C44) | AH116: =IF(B116="","",IF(COUNT(D116:F116)=0,"Incomplete",IF(COUNT(G116:I116)=0,"Incomplete",IF(COUNT(J116:L116)=0,"Incomplete",IF(COUNT(M116:O116)=0,"Incomplete",IF(COUNT(P116:R116)=0,"Incomplete",IF(COUNT(S116:U116)=0,"Incomplete",IF(COUNT(V116:X116)=0,"Incomplete",IF(COUNT(Y116:AA116)=0,"Incomplete",IF(COUNT(AB116:AD116)=0,"Incomplete",IF(COUNT(AE116:AG116)=0,"Incomplete",AVERAGEIF(D116:F116,">=0")+AVERAGEIF(G116:I116,">=0")+AVERAGEIF(J116:L116,">=0")+AVERAGEIF(M116:O116,">=0")+AVERAGEIF(P116:R116,">=0")+AVERAGEIF(S116:U116,">=0")+AVERAGEIF(V116:X116,">=0")+AVERAGEIF(Y116:AA116,">=0")+AVERAGEIF(AB116:AD116,">=0")+AVERAGEIF(AE116:AG116,">=0"))))))))))))
A117: 3 | B117: =IF('(1).Classes'!B45="","",'(1).Classes'!B45) | C117: =IF('(1).Classes'!C45="","",'(1).Classes'!C45) | AH117: =IF(B117="","",IF(COUNT(D117:F117)=0,"Incomplete",IF(COUNT(G117:I117)=0,"Incomplete",IF(COUNT(J117:L117)=0,"Incomplete",IF(COUNT(M117:O117)=0,"Incomplete",IF(COUNT(P117:R117)=0,"Incomplete",IF(COUNT(S117:U117)=0,"Incomplete",IF(COUNT(V117:X117)=0,"Incomplete",IF(COUNT(Y117:AA117)=0,"Incomplete",IF(COUNT(AB117:AD117)=0,"Incomplete",IF(COUNT(AE117:AG117)=0,"Incomplete",AVERAGEIF(D117:F117,">=0")+AVERAGEIF(G117:I117,">=0")+AVERAGEIF(J117:L117,">=0")+AVERAGEIF(M117:O117,">=0")+AVERAGEIF(P117:R117,">=0")+AVERAGEIF(S117:U117,">=0")+AVERAGEIF(V117:X117,">=0")+AVERAGEIF(Y117:AA117,">=0")+AVERAGEIF(AB117:AD117,">=0")+AVERAGEIF(AE117:AG117,">=0"))))))))))))
A118: 4 | B118: =IF('(1).Classes'!B46="","",'(1).Classes'!B46) | C118: =IF('(1).Classes'!C46="","",'(1).Classes'!C46) | AH118: =IF(B118="","",IF(COUNT(D118:F118)=0,"Incomplete",IF(COUNT(G118:I118)=0,"Incomplete",IF(COUNT(J118:L118)=0,"Incomplete",IF(COUNT(M118:O118)=0,"Incomplete",IF(COUNT(P118:R118)=0,"Incomplete",IF(COUNT(S118:U118)=0,"Incomplete",IF(COUNT(V118:X118)=0,"Incomplete",IF(COUNT(Y118:AA118)=0,"Incomplete",IF(COUNT(AB118:AD118)=0,"Incomplete",IF(COUNT(AE118:AG118)=0,"Incomplete",AVERAGEIF(D118:F118,">=0")+AVERAGEIF(G118:I118,">=0")+AVERAGEIF(J118:L118,">=0")+AVERAGEIF(M118:O118,">=0")+AVERAGEIF(P118:R118,">=0")+AVERAGEIF(S118:U118,">=0")+AVERAGEIF(V118:X118,">=0")+AVERAGEIF(Y118:AA118,">=0")+AVERAGEIF(AB118:AD118,">=0")+AVERAGEIF(AE118:AG118,">=0"))))))))))))
A119: 5 | B119: =IF('(1).Classes'!B47="","",'(1).Classes'!B47) | C119: =IF('(1).Classes'!C47="","",'(1).Classes'!C47) | AH119: =IF(B119="","",IF(COUNT(D119:F119)=0,"Incomplete",IF(COUNT(G119:I119)=0,"Incomplete",IF(COUNT(J119:L119)=0,"Incomplete",IF(COUNT(M119:O119)=0,"Incomplete",IF(COUNT(P119:R119)=0,"Incomplete",IF(COUNT(S119:U119)=0,"Incomplete",IF(COUNT(V119:X119)=0,"Incomplete",IF(COUNT(Y119:AA119)=0,"Incomplete",IF(COUNT(AB119:AD119)=0,"Incomplete",IF(COUNT(AE119:AG119)=0,"Incomplete",AVERAGEIF(D119:F119,">=0")+AVERAGEIF(G119:I119,">=0")+AVERAGEIF(J119:L119,">=0")+AVERAGEIF(M119:O119,">=0")+AVERAGEIF(P119:R119,">=0")+AVERAGEIF(S119:U119,">=0")+AVERAGEIF(V119:X119,">=0")+AVERAGEIF(Y119:AA119,">=0")+AVERAGEIF(AB119:AD119,">=0")+AVERAGEIF(AE119:AG119,">=0"))))))))))))
A120: 6 | B120: =IF('(1).Classes'!B48="","",'(1).Classes'!B48) | C120: =IF('(1).Classes'!C48="","",'(1).Classes'!C48) | AH120: =IF(B120="","",IF(COUNT(D120:F120)=0,"Incomplete",IF(COUNT(G120:I120)=0,"Incomplete",IF(COUNT(J120:L120)=0,"Incomplete",IF(COUNT(M120:O120)=0,"Incomplete",IF(COUNT(P120:R120)=0,"Incomplete",IF(COUNT(S120:U120)=0,"Incomplete",IF(COUNT(V120:X120)=0,"Incomplete",IF(COUNT(Y120:AA120)=0,"Incomplete",IF(COUNT(AB120:AD120)=0,"Incomplete",IF(COUNT(AE120:AG120)=0,"Incomplete",AVERAGEIF(D120:F120,">=0")+AVERAGEIF(G120:I120,">=0")+AVERAGEIF(J120:L120,">=0")+AVERAGEIF(M120:O120,">=0")+AVERAGEIF(P120:R120,">=0")+AVERAGEIF(S120:U120,">=0")+AVERAGEIF(V120:X120,">=0")+AVERAGEIF(Y120:AA120,">=0")+AVERAGEIF(AB120:AD120,">=0")+AVERAGEIF(AE120:AG120,">=0"))))))))))))
A121: 7 | B121: =IF('(1).Classes'!B49="","",'(1).Classes'!B49) | C121: =IF('(1).Classes'!C49="","",'(1).Classes'!C49) | AH121: =IF(B121="","",IF(COUNT(D121:F121)=0,"Incomplete",IF(COUNT(G121:I121)=0,"Incomplete",IF(COUNT(J121:L121)=0,"Incomplete",IF(COUNT(M121:O121)=0,"Incomplete",IF(COUNT(P121:R121)=0,"Incomplete",IF(COUNT(S121:U121)=0,"Incomplete",IF(COUNT(V121:X121)=0,"Incomplete",IF(COUNT(Y121:AA121)=0,"Incomplete",IF(COUNT(AB121:AD121)=0,"Incomplete",IF(COUNT(AE121:AG121)=0,"Incomplete",AVERAGEIF(D121:F121,">=0")+AVERAGEIF(G121:I121,">=0")+AVERAGEIF(J121:L121,">=0")+AVERAGEIF(M121:O121,">=0")+AVERAGEIF(P121:R121,">=0")+AVERAGEIF(S121:U121,">=0")+AVERAGEIF(V121:X121,">=0")+AVERAGEIF(Y121:AA121,">=0")+AVERAGEIF(AB121:AD121,">=0")+AVERAGEIF(AE121:AG121,">=0"))))))))))))
A122: 8 | B122: =IF('(1).Classes'!B50="","",'(1).Classes'!B50) | C122: =IF('(1).Classes'!C50="","",'(1).Classes'!C50) | AH122: =IF(B122="","",IF(COUNT(D122:F122)=0,"Incomplete",IF(COUNT(G122:I122)=0,"Incomplete",IF(COUNT(J122:L122)=0,"Incomplete",IF(COUNT(M122:O122)=0,"Incomplete",IF(COUNT(P122:R122)=0,"Incomplete",IF(COUNT(S122:U122)=0,"Incomplete",IF(COUNT(V122:X122)=0,"Incomplete",IF(COUNT(Y122:AA122)=0,"Incomplete",IF(COUNT(AB122:AD122)=0,"Incomplete",IF(COUNT(AE122:AG122)=0,"Incomplete",AVERAGEIF(D122:F122,">=0")+AVERAGEIF(G122:I122,">=0")+AVERAGEIF(J122:L122,">=0")+AVERAGEIF(M122:O122,">=0")+AVERAGEIF(P122:R122,">=0")+AVERAGEIF(S122:U122,">=0")+AVERAGEIF(V122:X122,">=0")+AVERAGEIF(Y122:AA122,">=0")+AVERAGEIF(AB122:AD122,">=0")+AVERAGEIF(AE122:AG122,">=0"))))))))))))
A123: 9 | B123: =IF('(1).Classes'!B51="","",'(1).Classes'!B51) | C123: =IF('(1).Classes'!C51="","",'(1).Classes'!C51) | AH123: =IF(B123="","",IF(COUNT(D123:F123)=0,"Incomplete",IF(COUNT(G123:I123)=0,"Incomplete",IF(COUNT(J123:L123)=0,"Incomplete",IF(COUNT(M123:O123)=0,"Incomplete",IF(COUNT(P123:R123)=0,"Incomplete",IF(COUNT(S123:U123)=0,"Incomplete",IF(COUNT(V123:X123)=0,"Incomplete",IF(COUNT(Y123:AA123)=0,"Incomplete",IF(COUNT(AB123:AD123)=0,"Incomplete",IF(COUNT(AE123:AG123)=0,"Incomplete",AVERAGEIF(D123:F123,">=0")+AVERAGEIF(G123:I123,">=0")+AVERAGEIF(J123:L123,">=0")+AVERAGEIF(M123:O123,">=0")+AVERAGEIF(P123:R123,">=0")+AVERAGEIF(S123:U123,">=0")+AVERAGEIF(V123:X123,">=0")+AVERAGEIF(Y123:AA123,">=0")+AVERAGEIF(AB123:AD123,">=0")+AVERAGEIF(AE123:AG123,">=0"))))))))))))
A124: 10 | B124: =IF('(1).Classes'!B52="","",'(1).Classes'!B52) | C124: =IF('(1).Classes'!C52="","",'(1).Classes'!C52) | AH124: =IF(B124="","",IF(COUNT(D124:F124)=0,"Incomplete",IF(COUNT(G124:I124)=0,"Incomplete",IF(COUNT(J124:L124)=0,"Incomplete",IF(COUNT(M124:O124)=0,"Incomplete",IF(COUNT(P124:R124)=0,"Incomplete",IF(COUNT(S124:U124)=0,"Incomplete",IF(COUNT(V124:X124)=0,"Incomplete",IF(COUNT(Y124:AA124)=0,"Incomplete",IF(COUNT(AB124:AD124)=0,"Incomplete",IF(COUNT(AE124:AG124)=0,"Incomplete",AVERAGEIF(D124:F124,">=0")+AVERAGEIF(G124:I124,">=0")+AVERAGEIF(J124:L124,">=0")+AVERAGEIF(M124:O124,">=0")+AVERAGEIF(P124:R124,">=0")+AVERAGEIF(S124:U124,">=0")+AVERAGEIF(V124:X124,">=0")+AVERAGEIF(Y124:AA124,">=0")+AVERAGEIF(AB124:AD124,">=0")+AVERAGEIF(AE124:AG124,">=0"))))))))))))
A125: 11 | B125: =IF('(1).Classes'!B53="","",'(1).Classes'!B53) | C125: =IF('(1).Classes'!C53="","",'(1).Classes'!C53) | AH125: =IF(B125="","",IF(COUNT(D125:F125)=0,"Incomplete",IF(COUNT(G125:I125)=0,"Incomplete",IF(COUNT(J125:L125)=0,"Incomplete",IF(COUNT(M125:O125)=0,"Incomplete",IF(COUNT(P125:R125)=0,"Incomplete",IF(COUNT(S125:U125)=0,"Incomplete",IF(COUNT(V125:X125)=0,"Incomplete",IF(COUNT(Y125:AA125)=0,"Incomplete",IF(COUNT(AB125:AD125)=0,"Incomplete",IF(COUNT(AE125:AG125)=0,"Incomplete",AVERAGEIF(D125:F125,">=0")+AVERAGEIF(G125:I125,">=0")+AVERAGEIF(J125:L125,">=0")+AVERAGEIF(M125:O125,">=0")+AVERAGEIF(P125:R125,">=0")+AVERAGEIF(S125:U125,">=0")+AVERAGEIF(V125:X125,">=0")+AVERAGEIF(Y125:AA125,">=0")+AVERAGEIF(AB125:AD125,">=0")+AVERAGEIF(AE125:AG125,">=0"))))))))))))
A126: 12 | B126: =IF('(1).Classes'!B54="","",'(1).Classes'!B54) | C126: =IF('(1).Classes'!C54="","",'(1).Classes'!C54) | AH126: =IF(B126="","",IF(COUNT(D126:F126)=0,"Incomplete",IF(COUNT(G126:I126)=0,"Incomplete",IF(COUNT(J126:L126)=0,"Incomplete",IF(COUNT(M126:O126)=0,"Incomplete",IF(COUNT(P126:R126)=0,"Incomplete",IF(COUNT(S126:U126)=0,"Incomplete",IF(COUNT(V126:X126)=0,"Incomplete",IF(COUNT(Y126:AA126)=0,"Incomplete",IF(COUNT(AB126:AD126)=0,"Incomplete",IF(COUNT(AE126:AG126)=0,"Incomplete",AVERAGEIF(D126:F126,">=0")+AVERAGEIF(G126:I126,">=0")+AVERAGEIF(J126:L126,">=0")+AVERAGEIF(M126:O126,">=0")+AVERAGEIF(P126:R126,">=0")+AVERAGEIF(S126:U126,">=0")+AVERAGEIF(V126:X126,">=0")+AVERAGEIF(Y126:AA126,">=0")+AVERAGEIF(AB126:AD126,">=0")+AVERAGEIF(AE126:AG126,">=0"))))))))))))
... A144: 30 | B144: =IF('(1).Classes'!B72="","",'(1).Classes'!B72) | C144: =IF('(1).Classes'!C72="","",'(1).Classes'!C72) | AH144: =IF(B144="","",IF(COUNT(D144:F144)=0,"Incomplete",IF(COUNT(G144:I144)=0,"Incomplete",IF(COUNT(J144:L144)=0,"Incomplete",IF(COUNT(M144:O144)=0,"Incomplete",IF(COUNT(P144:R144)=0,"Incomplete",IF(COUNT(S144:U144)=0,"Incomplete",IF(COUNT(V144:X144)=0,"Incomplete",IF(COUNT(Y144:AA144)=0,"Incomplete",IF(COUNT(AB144:AD144)=0,"Incomplete",IF(COUNT(AE144:AG144)=0,"Incomplete",AVERAGEIF(D144:F144,">=0")+AVERAGEIF(G144:I144,">=0")+AVERAGEIF(J144:L144,">=0")+AVERAGEIF(M144:O144,">=0")+AVERAGEIF(P144:R144,">=0")+AVERAGEIF(S144:U144,">=0")+AVERAGEIF(V144:X144,">=0")+AVERAGEIF(Y144:AA144,">=0")+AVERAGEIF(AB144:AD144,">=0")+AVERAGEIF(AE144:AG144,">=0"))))))))))))
A145: Br: | B145: ='(1).Classes'!F37 -> 0 | D145: MIDTERM DAILY SCORE SHEET
A146: Level: | B146: ='(1).Classes'!F38 -> 0
A147: Time: | B147: ='(1).Classes'!F39 -> 0 | D147: =D111 -> FEBRUARY - JULY 2026
A148: Room: | B148: ='(1).Classes'!F40 -> 0
A149: Tr: | B149: ='(1).Classes'!F41 -> 0 | D149: =IF(OR($B146="K5",$B146="K6",$B146="K7",$B146="K8",$B146="K9",$B146="K10"),"Listening","Up-Low C") -> Up-Low C | G149: =IF(OR($B146="K5",$B146="K6",$B146="K7",$B146="K8",$B146="K9",$B146="K10"),"Speaking","Alphabet N") -> Alphabet N | J149: =IF(OR($B146="K5",$B146="K6",$B146="K7",$B146="K8",$B146="K9",$B146="K10"),"Reading","Alphabet S") -> Alphabet S | M149: =IF(OR($B146="K5",$B146="K6",$B146="K7",$B146="K8",$B146="K9",$B146="K10"),"Writing","Vocabulary") -> Vocabulary | P149: =IF(OR($B146="K5",$B146="K6",$B146="K7",$B146="K8",$B146="K9",$B146="K10"),"Gram/Vocab","Sprouts") -> Sprouts | S149: =IF(OR($B146="K5",$B146="K6",$B146="K7",$B146="K8",$B146="K9",$B146="K10"),"Roots","Phonics") -> Phonics | V149: =IF(OR($B146="K5",$B146="K6",$B146="K7",$B146="K8",$B146="K9",$B146="K10"),"Phonics","Math") -> Math | Y149: =IF(OR($B146="K5",$B146="K6",$B146="K7",$B146="K8",$B146="K9",$B146="K10"),"Math","Shape") -> Shape | AB149: Science | AE149: =IF(OR($B146="K5",$B146="K6",$B146="K7",$B146="K8",$B146="K9",$B146="K10"),"Homework","Tracing") -> Tracing | AH149: Change
A150: NO | B150: NAME | C150: SEX | D150: 10 points | G150: 10 points | J150: 10 points | M150: 10 points | P150: 10 points | S150: 10 points | V150: 10 points | Y150: 10 points | AB150: 10 points | AE150: 10 points | AH150: Stop
A151: 1 | B151: =IF('(1).Classes'!F43="","",'(1).Classes'!F43) | C151: =IF('(1).Classes'!G43="","",'(1).Classes'!G43) | AH151: =IF(B151="","",IF(COUNT(D151:F151)=0,"Incomplete",IF(COUNT(G151:I151)=0,"Incomplete",IF(COUNT(J151:L151)=0,"Incomplete",IF(COUNT(M151:O151)=0,"Incomplete",IF(COUNT(P151:R151)=0,"Incomplete",IF(COUNT(S151:U151)=0,"Incomplete",IF(COUNT(V151:X151)=0,"Incomplete",IF(COUNT(Y151:AA151)=0,"Incomplete",IF(COUNT(AB151:AD151)=0,"Incomplete",IF(COUNT(AE151:AG151)=0,"Incomplete",AVERAGEIF(D151:F151,">=0")+AVERAGEIF(G151:I151,">=0")+AVERAGEIF(J151:L151,">=0")+AVERAGEIF(M151:O151,">=0")+AVERAGEIF(P151:R151,">=0")+AVERAGEIF(S151:U151,">=0")+AVERAGEIF(V151:X151,">=0")+AVERAGEIF(Y151:AA151,">=0")+AVERAGEIF(AB151:AD151,">=0")+AVERAGEIF(AE151:AG151,">=0"))))))))))))
A152: 2 | B152: =IF('(1).Classes'!F44="","",'(1).Classes'!F44) | C152: =IF('(1).Classes'!G44="","",'(1).Classes'!G44) | AH152: =IF(B152="","",IF(COUNT(D152:F152)=0,"Incomplete",IF(COUNT(G152:I152)=0,"Incomplete",IF(COUNT(J152:L152)=0,"Incomplete",IF(COUNT(M152:O152)=0,"Incomplete",IF(COUNT(P152:R152)=0,"Incomplete",IF(COUNT(S152:U152)=0,"Incomplete",IF(COUNT(V152:X152)=0,"Incomplete",IF(COUNT(Y152:AA152)=0,"Incomplete",IF(COUNT(AB152:AD152)=0,"Incomplete",IF(COUNT(AE152:AG152)=0,"Incomplete",AVERAGEIF(D152:F152,">=0")+AVERAGEIF(G152:I152,">=0")+AVERAGEIF(J152:L152,">=0")+AVERAGEIF(M152:O152,">=0")+AVERAGEIF(P152:R152,">=0")+AVERAGEIF(S152:U152,">=0")+AVERAGEIF(V152:X152,">=0")+AVERAGEIF(Y152:AA152,">=0")+AVERAGEIF(AB152:AD152,">=0")+AVERAGEIF(AE152:AG152,">=0"))))))))))))
A153: 3 | B153: =IF('(1).Classes'!F45="","",'(1).Classes'!F45) | C153: =IF('(1).Classes'!G45="","",'(1).Classes'!G45) | AH153: =IF(B153="","",IF(COUNT(D153:F153)=0,"Incomplete",IF(COUNT(G153:I153)=0,"Incomplete",IF(COUNT(J153:L153)=0,"Incomplete",IF(COUNT(M153:O153)=0,"Incomplete",IF(COUNT(P153:R153)=0,"Incomplete",IF(COUNT(S153:U153)=0,"Incomplete",IF(COUNT(V153:X153)=0,"Incomplete",IF(COUNT(Y153:AA153)=0,"Incomplete",IF(COUNT(AB153:AD153)=0,"Incomplete",IF(COUNT(AE153:AG153)=0,"Incomplete",AVERAGEIF(D153:F153,">=0")+AVERAGEIF(G153:I153,">=0")+AVERAGEIF(J153:L153,">=0")+AVERAGEIF(M153:O153,">=0")+AVERAGEIF(P153:R153,">=0")+AVERAGEIF(S153:U153,">=0")+AVERAGEIF(V153:X153,">=0")+AVERAGEIF(Y153:AA153,">=0")+AVERAGEIF(AB153:AD153,">=0")+AVERAGEIF(AE153:AG153,">=0"))))))))))))
A154: 4 | B154: =IF('(1).Classes'!F46="","",'(1).Classes'!F46) | C154: =IF('(1).Classes'!G46="","",'(1).Classes'!G46) | AH154: =IF(B154="","",IF(COUNT(D154:F154)=0,"Incomplete",IF(COUNT(G154:I154)=0,"Incomplete",IF(COUNT(J154:L154)=0,"Incomplete",IF(COUNT(M154:O154)=0,"Incomplete",IF(COUNT(P154:R154)=0,"Incomplete",IF(COUNT(S154:U154)=0,"Incomplete",IF(COUNT(V154:X154)=0,"Incomplete",IF(COUNT(Y154:AA154)=0,"Incomplete",IF(COUNT(AB154:AD154)=0,"Incomplete",IF(COUNT(AE154:AG154)=0,"Incomplete",AVERAGEIF(D154:F154,">=0")+AVERAGEIF(G154:I154,">=0")+AVERAGEIF(J154:L154,">=0")+AVERAGEIF(M154:O154,">=0")+AVERAGEIF(P154:R154,">=0")+AVERAGEIF(S154:U154,">=0")+AVERAGEIF(V154:X154,">=0")+AVERAGEIF(Y154:AA154,">=0")+AVERAGEIF(AB154:AD154,">=0")+AVERAGEIF(AE154:AG154,">=0"))))))))))))
A155: 5 | B155: =IF('(1).Classes'!F47="","",'(1).Classes'!F47) | C155: =IF('(1).Classes'!G47="","",'(1).Classes'!G47) | AH155: =IF(B155="","",IF(COUNT(D155:F155)=0,"Incomplete",IF(COUNT(G155:I155)=0,"Incomplete",IF(COUNT(J155:L155)=0,"Incomplete",IF(COUNT(M155:O155)=0,"Incomplete",IF(COUNT(P155:R155)=0,"Incomplete",IF(COUNT(S155:U155)=0,"Incomplete",IF(COUNT(V155:X155)=0,"Incomplete",IF(COUNT(Y155:AA155)=0,"Incomplete",IF(COUNT(AB155:AD155)=0,"Incomplete",IF(COUNT(AE155:AG155)=0,"Incomplete",AVERAGEIF(D155:F155,">=0")+AVERAGEIF(G155:I155,">=0")+AVERAGEIF(J155:L155,">=0")+AVERAGEIF(M155:O155,">=0")+AVERAGEIF(P155:R155,">=0")+AVERAGEIF(S155:U155,">=0")+AVERAGEIF(V155:X155,">=0")+AVERAGEIF(Y155:AA155,">=0")+AVERAGEIF(AB155:AD155,">=0")+AVERAGEIF(AE155:AG155,">=0"))))))))))))
A156: 6 | B156: =IF('(1).Classes'!F48="","",'(1).Classes'!F48) | C156: =IF('(1).Classes'!G48="","",'(1).Classes'!G48) | AH156: =IF(B156="","",IF(COUNT(D156:F156)=0,"Incomplete",IF(COUNT(G156:I156)=0,"Incomplete",IF(COUNT(J156:L156)=0,"Incomplete",IF(COUNT(M156:O156)=0,"Incomplete",IF(COUNT(P156:R156)=0,"Incomplete",IF(COUNT(S156:U156)=0,"Incomplete",IF(COUNT(V156:X156)=0,"Incomplete",IF(COUNT(Y156:AA156)=0,"Incomplete",IF(COUNT(AB156:AD156)=0,"Incomplete",IF(COUNT(AE156:AG156)=0,"Incomplete",AVERAGEIF(D156:F156,">=0")+AVERAGEIF(G156:I156,">=0")+AVERAGEIF(J156:L156,">=0")+AVERAGEIF(M156:O156,">=0")+AVERAGEIF(P156:R156,">=0")+AVERAGEIF(S156:U156,">=0")+AVERAGEIF(V156:X156,">=0")+AVERAGEIF(Y156:AA156,">=0")+AVERAGEIF(AB156:AD156,">=0")+AVERAGEIF(AE156:AG156,">=0"))))))))))))
A157: 7 | B157: =IF('(1).Classes'!F49="","",'(1).Classes'!F49) | C157: =IF('(1).Classes'!G49="","",'(1).Classes'!G49) | AH157: =IF(B157="","",IF(COUNT(D157:F157)=0,"Incomplete",IF(COUNT(G157:I157)=0,"Incomplete",IF(COUNT(J157:L157)=0,"Incomplete",IF(COUNT(M157:O157)=0,"Incomplete",IF(COUNT(P157:R157)=0,"Incomplete",IF(COUNT(S157:U157)=0,"Incomplete",IF(COUNT(V157:X157)=0,"Incomplete",IF(COUNT(Y157:AA157)=0,"Incomplete",IF(COUNT(AB157:AD157)=0,"Incomplete",IF(COUNT(AE157:AG157)=0,"Incomplete",AVERAGEIF(D157:F157,">=0")+AVERAGEIF(G157:I157,">=0")+AVERAGEIF(J157:L157,">=0")+AVERAGEIF(M157:O157,">=0")+AVERAGEIF(P157:R157,">=0")+AVERAGEIF(S157:U157,">=0")+AVERAGEIF(V157:X157,">=0")+AVERAGEIF(Y157:AA157,">=0")+AVERAGEIF(AB157:AD157,">=0")+AVERAGEIF(AE157:AG157,">=0"))))))))))))
...

Sheet (3).Midterm Exam
A1: Br: | B1: ='(2).Midterm Daily'!B1 -> C2 | D1: MIDTERM EXAM SCORE SHEET
A2: Level: | B2: ='(2).Midterm Daily'!B2 -> K1B
A3: Time: | B3: ='(2).Midterm Daily'!B3 -> 3:00-5:30 | D3: ='(2).Midterm Daily'!D3 -> FEBRUARY - JULY 2026
A4: Room: | B4: ='(2).Midterm Daily'!B4 -> 5
A5: Tr: | B5: ='(2).Midterm Daily'!B5 -> Hong Leeheng | D5: =IF(OR($B2="K5",$B2="K6",$B2="K7",$B2="K8",$B2="K9",$B2="K10"),"Listening","Up-Low C") -> Up-Low C | E5: =IF(OR($B2="K5",$B2="K6",$B2="K7",$B2="K8",$B2="K9",$B2="K10"),"Speaking","Alphabet N") -> Alphabet N | F5: =IF(OR($B2="K5",$B2="K6",$B2="K7",$B2="K8",$B2="K9",$B2="K10"),"Reading","Alphabet S") -> Alphabet S | G5: =IF(OR($B2="K5",$B2="K6",$B2="K7",$B2="K8",$B2="K9",$B2="K10"),"Writing","Vocabulary") -> Vocabulary | H5: =IF(OR($B2="K5",$B2="K6",$B2="K7",$B2="K8",$B2="K9",$B2="K10"),"Grammar","Sprouts") -> Sprouts | I5: =IF(OR($B2="K5",$B2="K6",$B2="K7",$B2="K8",$B2="K9",$B2="K10"),"Vocabulary","Phonics") -> Phonics | J5: =IF(OR($B2="K5",$B2="K6",$B2="K7",$B2="K8",$B2="K9",$B2="K10"),"Roots","Math") -> Math | K5: =IF(OR($B2="K5",$B2="K6",$B2="K7",$B2="K8",$B2="K9",$B2="K10"),"Phonics","Shape") -> Shape | L5: =IF(OR($B2="K5",$B2="K6",$B2="K7",$B2="K8",$B2="K9",$B2="K10"),"Math","Science") -> Science | M5: =IF(OR($B2="K5",$B2="K6",$B2="K7",$B2="K8",$B2="K9",$B2="K10"),"Science","Tracing") -> Tracing | N5: Stop
A6: NO | B6: NAME | C6: SEX | D6: 10 points | E6: 10 points | F6: 10 points | G6: 10 points | H6: 10 points | I6: 10 points | J6: 10 points | K6: 10 points | L6: 10 points | M6: 10 points | N6: Late Exam
A7: 1 | B7: =IF('(2).Midterm Daily'!B7="","",'(2).Midterm Daily'!B7) -> Chhim Chansithika | C7: =IF('(2).Midterm Daily'!C7="","",'(2).Midterm Daily'!C7) -> F | D7: 9 | E7: 8.5 | F7: 10 | G7: 5.5 | H7: 7.5 | I7: 9 | J7: 10 | K7: 10 | L7: 10 | M7: 8 | N7: =IF('(2).Midterm Daily'!AH7="Change","Change",IF('(2).Midterm Daily'!AH7="Stop","Stop",IF(B7="","",IF(COUNTA(D7:M7)<10,"Incomplete",""))))
A8: 2 | B8: =IF('(2).Midterm Daily'!B8="","",'(2).Midterm Daily'!B8) -> Chhout Senghour | C8: =IF('(2).Midterm Daily'!C8="","",'(2).Midterm Daily'!C8) -> M | D8: 6.5 | E8: 6.75 | F8: 3 | G8: 5 | H8: 2 | I8: 6 | J8: 10 | K8: 7 | L8: 6 | M8: 8 | N8: =IF('(2).Midterm Daily'!AH8="Change","Change",IF('(2).Midterm Daily'!AH8="Stop","Stop",IF(B8="","",IF(COUNTA(D8:M8)<10,"Incomplete",""))))
A9: 3 | B9: =IF('(2).Midterm Daily'!B9="","",'(2).Midterm Daily'!B9) -> Det Phouri | C9: =IF('(2).Midterm Daily'!C9="","",'(2).Midterm Daily'!C9) -> M | D9: 9 | E9: 9 | F9: 8.25 | G9: 8 | H9: 7.25 | I9: 9 | J9: 10 | K9: 8 | L9: 10 | M9: 8.5 | N9: =IF('(2).Midterm Daily'!AH9="Change","Change",IF('(2).Midterm Daily'!AH9="Stop","Stop",IF(B9="","",IF(COUNTA(D9:M9)<10,"Incomplete",""))))
A10: 4 | B10: =IF('(2).Midterm Daily'!B10="","",'(2).Midterm Daily'!B10) -> Dy Chanto | C10: =IF('(2).Midterm Daily'!C10="","",'(2).Midterm Daily'!C10) -> M | D10: 6.5 | E10: 4 | F10: 0.5 | G10: 5.5 | H10: 3 | I10: 2 | J10: 10 | K10: 9 | L10: 6.5 | M10: 8 | N10: =IF('(2).Midterm Daily'!AH10="Change","Change",IF('(2).Midterm Daily'!AH10="Stop","Stop",IF(B10="","",IF(COUNTA(D10:M10)<10,"Incomplete",""))))
A11: 5 | B11: =IF('(2).Midterm Daily'!B11="","",'(2).Midterm Daily'!B11) -> Dy Meyly | C11: =IF('(2).Midterm Daily'!C11="","",'(2).Midterm Daily'!C11) -> F | D11: 10 | E11: 10 | F11: 10 | G11: 10 | H11: 10 | I11: 10 | J11: 10 | K11: 10 | L11: 10 | M11: 10 | N11: =IF('(2).Midterm Daily'!AH11="Change","Change",IF('(2).Midterm Daily'!AH11="Stop","Stop",IF(B11="","",IF(COUNTA(D11:M11)<10,"Incomplete",""))))
A12: 6 | B12: =IF('(2).Midterm Daily'!B12="","",'(2).Midterm Daily'!B12) -> Heang Limhak | C12: =IF('(2).Midterm Daily'!C12="","",'(2).Midterm Daily'!C12) -> M | D12: 9.75 | E12: 8.75 | F12: 9.5 | G12: 8 | H12: 5 | I12: 10 | J12: 7 | K12: 7 | L12: 9 | M12: 9.5 | N12: =IF('(2).Midterm Daily'!AH12="Change","Change",IF('(2).Midterm Daily'!AH12="Stop","Stop",IF(B12="","",IF(COUNTA(D12:M12)<10,"Incomplete",""))))
A13: 7 | B13: =IF('(2).Midterm Daily'!B13="","",'(2).Midterm Daily'!B13) -> Keo Tepsatsjak | C13: =IF('(2).Midterm Daily'!C13="","",'(2).Midterm Daily'!C13) -> M | D13: 9 | E13: 8.5 | F13: 10 | G13: 9.5 | H13: 9 | I13: 10 | J13: 10 | K13: 10 | L13: 10 | M13: 9.75 | N13: =IF('(2).Midterm Daily'!AH13="Change","Change",IF('(2).Midterm Daily'!AH13="Stop","Stop",IF(B13="","",IF(COUNTA(D13:M13)<10,"Incomplete",""))))
A14: 8 | B14: =IF('(2).Midterm Daily'!B14="","",'(2).Midterm Daily'!B14) -> Kong Yonghae | C14: =IF('(2).Midterm Daily'!C14="","",'(2).Midterm Daily'!C14) -> M | D14: 10 | E14: 9.25 | F14: 9.75 | G14: 10 | H14: 9 | I14: 10 | J14: 10 | K14: 10 | L14: 10 | M14: 10 | N14: =IF('(2).Midterm Daily'!AH14="Change","Change",IF('(2).Midterm Daily'!AH14="Stop","Stop",IF(B14="","",IF(COUNTA(D14:M14)<10,"Incomplete",""))))
A15: 9 | B15: =IF('(2).Midterm Daily'!B15="","",'(2).Midterm Daily'!B15) -> Lim Davymulika | C15: =IF('(2).Midterm Daily'!C15="","",'(2).Midterm Daily'!C15) -> F | D15: 9.5 | E15: 7 | F15: 9 | G15: 6 | H15: 7.75 | I15: 7 | J15: 10 | K15: 7 | L15: 10 | M15: 9 | N15: =IF('(2).Midterm Daily'!AH15="Change","Change",IF('(2).Midterm Daily'!AH15="Stop","Stop",IF(B15="","",IF(COUNTA(D15:M15)<10,"Incomplete",""))))
A16: 10 | B16: =IF('(2).Midterm Daily'!B16="","",'(2).Midterm Daily'!B16) -> Lot SamAngvichara | C16: =IF('(2).Midterm Daily'!C16="","",'(2).Midterm Daily'!C16) -> F | D16: 9 | E16: 9.5 | F16: 10 | G16: 10 | H16: 10 | I16: 10 | J16: 10 | K16: 10 | L16: 10 | M16: 9 | N16: =IF('(2).Midterm Daily'!AH16="Change","Change",IF('(2).Midterm Daily'!AH16="Stop","Stop",IF(B16="","",IF(COUNTA(D16:M16)<10,"Incomplete",""))))
A17: 11 | B17: =IF('(2).Midterm Daily'!B17="","",'(2).Midterm Daily'!B17) -> Lot Vichheka | C17: =IF('(2).Midterm Daily'!C17="","",'(2).Midterm Daily'!C17) -> M | D17: 9.5 | E17: 10 | F17: 10 | G17: 10 | H17: 10 | I17: 10 | J17: 10 | K17: 10 | L17: 10 | M17: 9.75 | N17: =IF('(2).Midterm Daily'!AH17="Change","Change",IF('(2).Midterm Daily'!AH17="Stop","Stop",IF(B17="","",IF(COUNTA(D17:M17)<10,"Incomplete",""))))
A18: 12 | B18: =IF('(2).Midterm Daily'!B18="","",'(2).Midterm Daily'!B18) -> Ly Kanha | C18: =IF('(2).Midterm Daily'!C18="","",'(2).Midterm Daily'!C18) -> F | D18: 8 | E18: 8.5 | F18: 10 | G18: 9 | H18: 9 | I18: 9 | J18: 10 | K18: 10 | L18: 8 | M18: 10 | N18: =IF('(2).Midterm Daily'!AH18="Change","Change",IF('(2).Midterm Daily'!AH18="Stop","Stop",IF(B18="","",IF(COUNTA(D18:M18)<10,"Incomplete",""))))
... A25: 19 | B25: =IF('(2).Midterm Daily'!B25="","",'(2).Midterm Daily'!B25) -> Vy Monineath | C25: =IF('(2).Midterm Daily'!C25="","",'(2).Midterm Daily'!C25) -> F | D25: 9 | E25: 10 | F25: 10 | G25: 10 | H25: 9 | I25: 10 | J25: 10 | K25: 10 | L25: 10 | M25: 10 | N25: =IF('(2).Midterm Daily'!AH25="Change","Change",IF('(2).Midterm Daily'!AH25="Stop","Stop",IF(B25="","",IF(COUNTA(D25:M25)<10,"Incomplete",""))))
A26: 20 | B26: =IF('(2).Midterm Daily'!B26="","",'(2).Midterm Daily'!B26) | C26: =IF('(2).Midterm Daily'!C26="","",'(2).Midterm Daily'!C26) | N26: =IF('(2).Midterm Daily'!AH26="Change","Change",IF('(2).Midterm Daily'!AH26="Stop","Stop",IF(B26="","",IF(COUNTA(D26:M26)<10,"Incomplete",""))))
A27: 21 | B27: =IF('(2).Midterm Daily'!B27="","",'(2).Midterm Daily'!B27) | C27: =IF('(2).Midterm Daily'!C27="","",'(2).Midterm Daily'!C27) | N27: =IF('(2).Midterm Daily'!AH27="Change","Change",IF('(2).Midterm Daily'!AH27="Stop","Stop",IF(B27="","",IF(COUNTA(D27:M27)<10,"Incomplete",""))))
A28: 22 | B28: =IF('(2).Midterm Daily'!B28="","",'(2).Midterm Daily'!B28) | C28: =IF('(2).Midterm Daily'!C28="","",'(2).Midterm Daily'!C28) | N28: =IF('(2).Midterm Daily'!AH28="Change","Change",IF('(2).Midterm Daily'!AH28="Stop","Stop",IF(B28="","",IF(COUNTA(D28:M28)<10,"Incomplete",""))))
A29: 23 | B29: =IF('(2).Midterm Daily'!B29="","",'(2).Midterm Daily'!B29) | C29: =IF('(2).Midterm Daily'!C29="","",'(2).Midterm Daily'!C29) | N29: =IF('(2).Midterm Daily'!AH29="Change","Change",IF('(2).Midterm Daily'!AH29="Stop","Stop",IF(B29="","",IF(COUNTA(D29:M29)<10,"Incomplete",""))))
A30: 24 | B30: =IF('(2).Midterm Daily'!B30="","",'(2).Midterm Daily'!B30) | C30: =IF('(2).Midterm Daily'!C30="","",'(2).Midterm Daily'!C30) | N30: =IF('(2).Midterm Daily'!AH30="Change","Change",IF('(2).Midterm Daily'!AH30="Stop","Stop",IF(B30="","",IF(COUNTA(D30:M30)<10,"Incomplete",""))))
A31: 25 | B31: =IF('(2).Midterm Daily'!B31="","",'(2).Midterm Daily'!B31) | C31: =IF('(2).Midterm Daily'!C31="","",'(2).Midterm Daily'!C31) | N31: =IF('(2).Midterm Daily'!AH31="Change","Change",IF('(2).Midterm Daily'!AH31="Stop","Stop",IF(B31="","",IF(COUNTA(D31:M31)<10,"Incomplete",""))))
A32: 26 | B32: =IF('(2).Midterm Daily'!B32="","",'(2).Midterm Daily'!B32) | C32: =IF('(2).Midterm Daily'!C32="","",'(2).Midterm Daily'!C32) | N32: =IF('(2).Midterm Daily'!AH32="Change","Change",IF('(2).Midterm Daily'!AH32="Stop","Stop",IF(B32="","",IF(COUNTA(D32:M32)<10,"Incomplete",""))))
A33: 27 | B33: =IF('(2).Midterm Daily'!B33="","",'(2).Midterm Daily'!B33) | C33: =IF('(2).Midterm Daily'!C33="","",'(2).Midterm Daily'!C33) | N33: =IF('(2).Midterm Daily'!AH33="Change","Change",IF('(2).Midterm Daily'!AH33="Stop","Stop",IF(B33="","",IF(COUNTA(D33:M33)<10,"Incomplete",""))))
A34: 28 | B34: =IF('(2).Midterm Daily'!B34="","",'(2).Midterm Daily'!B34) | C34: =IF('(2).Midterm Daily'!C34="","",'(2).Midterm Daily'!C34) | N34: =IF('(2).Midterm Daily'!AH34="Change","Change",IF('(2).Midterm Daily'!AH34="Stop","Stop",IF(B34="","",IF(COUNTA(D34:M34)<10,"Incomplete",""))))
A35: 29 | B35: =IF('(2).Midterm Daily'!B35="","",'(2).Midterm Daily'!B35) | C35: =IF('(2).Midterm Daily'!C35="","",'(2).Midterm Daily'!C35) | N35: =IF('(2).Midterm Daily'!AH35="Change","Change",IF('(2).Midterm Daily'!AH35="Stop","Stop",IF(B35="","",IF(COUNTA(D35:M35)<10,"Incomplete",""))))
A36: 30 | B36: =IF('(2).Midterm Daily'!B36="","",'(2).Midterm Daily'!B36) | C36: =IF('(2).Midterm Daily'!C36="","",'(2).Midterm Daily'!C36) | N36: =IF('(2).Midterm Daily'!AH36="Change","Change",IF('(2).Midterm Daily'!AH36="Stop","Stop",IF(B36="","",IF(COUNTA(D36:M36)<10,"Incomplete",""))))
A37: Br: | B37: ='(2).Midterm Daily'!B37 -> 0 | D37: MIDTERM EXAM SCORE SHEET
A38: Level: | B38: ='(2).Midterm Daily'!B38 -> 0
A39: Time: | B39: ='(2).Midterm Daily'!B39 -> 0 | D39: ='(2).Midterm Daily'!D39 -> FEBRUARY - JULY 2026
A40: Room: | B40: ='(2).Midterm Daily'!B40 -> 0
A41: Tr: | B41: ='(2).Midterm Daily'!B41 -> 0 | D41: =IF(OR($B38="K5",$B38="K6",$B38="K7",$B38="K8",$B38="K9",$B38="K10"),"Listening","Up-Low C") -> Up-Low C | E41: =IF(OR($B38="K5",$B38="K6",$B38="K7",$B38="K8",$B38="K9",$B38="K10"),"Speaking","Alphabet N") -> Alphabet N | F41: =IF(OR($B38="K5",$B38="K6",$B38="K7",$B38="K8",$B38="K9",$B38="K10"),"Reading","Alphabet S") -> Alphabet S | G41: =IF(OR($B38="K5",$B38="K6",$B38="K7",$B38="K8",$B38="K9",$B38="K10"),"Writing","Vocabulary") -> Vocabulary | H41: =IF(OR($B38="K5",$B38="K6",$B38="K7",$B38="K8",$B38="K9",$B38="K10"),"Grammar","Sprouts") -> Sprouts | I41: =IF(OR($B38="K5",$B38="K6",$B38="K7",$B38="K8",$B38="K9",$B38="K10"),"Vocabulary","Phonics") -> Phonics | J41: =IF(OR($B38="K5",$B38="K6",$B38="K7",$B38="K8",$B38="K9",$B38="K10"),"Roots","Math") -> Math | K41: =IF(OR($B38="K5",$B38="K6",$B38="K7",$B38="K8",$B38="K9",$B38="K10"),"Phonics","Shape") -> Shape | L41: =IF(OR($B38="K5",$B38="K6",$B38="K7",$B38="K8",$B38="K9",$B38="K10"),"Math","Science") -> Science | M41: =IF(OR($B38="K5",$B38="K6",$B38="K7",$B38="K8",$B38="K9",$B38="K10"),"Science","Tracing") -> Tracing | N41: Stop
A42: NO | B42: NAME | C42: SEX | D42: 10 points | E42: 10 points | F42: 10 points | G42: 10 points | H42: 10 points | I42: 10 points | J42: 10 points | K42: 10 points | L42: 10 points | M42: 10 points | N42: Late Exam
A43: 1 | B43: =IF('(2).Midterm Daily'!B43="","",'(2).Midterm Daily'!B43) | C43: =IF('(2).Midterm Daily'!C43="","",'(2).Midterm Daily'!C43) | N43: =IF('(2).Midterm Daily'!AH43="Change","Change",IF('(2).Midterm Daily'!AH43="Stop","Stop",IF(B43="","",IF(COUNTA(D43:M43)<10,"Incomplete",""))))
A44: 2 | B44: =IF('(2).Midterm Daily'!B44="","",'(2).Midterm Daily'!B44) | C44: =IF('(2).Midterm Daily'!C44="","",'(2).Midterm Daily'!C44) | N44: =IF('(2).Midterm Daily'!AH44="Change","Change",IF('(2).Midterm Daily'!AH44="Stop","Stop",IF(B44="","",IF(COUNTA(D44:M44)<10,"Incomplete",""))))
A45: 3 | B45: =IF('(2).Midterm Daily'!B45="","",'(2).Midterm Daily'!B45) | C45: =IF('(2).Midterm Daily'!C45="","",'(2).Midterm Daily'!C45) | N45: =IF('(2).Midterm Daily'!AH45="Change","Change",IF('(2).Midterm Daily'!AH45="Stop","Stop",IF(B45="","",IF(COUNTA(D45:M45)<10,"Incomplete",""))))
A46: 4 | B46: =IF('(2).Midterm Daily'!B46="","",'(2).Midterm Daily'!B46) | C46: =IF('(2).Midterm Daily'!C46="","",'(2).Midterm Daily'!C46) | N46: =IF('(2).Midterm Daily'!AH46="Change","Change",IF('(2).Midterm Daily'!AH46="Stop","Stop",IF(B46="","",IF(COUNTA(D46:M46)<10,"Incomplete",""))))
A47: 5 | B47: =IF('(2).Midterm Daily'!B47="","",'(2).Midterm Daily'!B47) | C47: =IF('(2).Midterm Daily'!C47="","",'(2).Midterm Daily'!C47) | N47: =IF('(2).Midterm Daily'!AH47="Change","Change",IF('(2).Midterm Daily'!AH47="Stop","Stop",IF(B47="","",IF(COUNTA(D47:M47)<10,"Incomplete",""))))
A48: 6 | B48: =IF('(2).Midterm Daily'!B48="","",'(2).Midterm Daily'!B48) | C48: =IF('(2).Midterm Daily'!C48="","",'(2).Midterm Daily'!C48) | N48: =IF('(2).Midterm Daily'!AH48="Change","Change",IF('(2).Midterm Daily'!AH48="Stop","Stop",IF(B48="","",IF(COUNTA(D48:M48)<10,"Incomplete",""))))
A49: 7 | B49: =IF('(2).Midterm Daily'!B49="","",'(2).Midterm Daily'!B49) | C49: =IF('(2).Midterm Daily'!C49="","",'(2).Midterm Daily'!C49) | N49: =IF('(2).Midterm Daily'!AH49="Change","Change",IF('(2).Midterm Daily'!AH49="Stop","Stop",IF(B49="","",IF(COUNTA(D49:M49)<10,"Incomplete",""))))
A50: 8 | B50: =IF('(2).Midterm Daily'!B50="","",'(2).Midterm Daily'!B50) | C50: =IF('(2).Midterm Daily'!C50="","",'(2).Midterm Daily'!C50) | N50: =IF('(2).Midterm Daily'!AH50="Change","Change",IF('(2).Midterm Daily'!AH50="Stop","Stop",IF(B50="","",IF(COUNTA(D50:M50)<10,"Incomplete",""))))
A51: 9 | B51: =IF('(2).Midterm Daily'!B51="","",'(2).Midterm Daily'!B51) | C51: =IF('(2).Midterm Daily'!C51="","",'(2).Midterm Daily'!C51) | N51: =IF('(2).Midterm Daily'!AH51="Change","Change",IF('(2).Midterm Daily'!AH51="Stop","Stop",IF(B51="","",IF(COUNTA(D51:M51)<10,"Incomplete",""))))
A52: 10 | B52: =IF('(2).Midterm Daily'!B52="","",'(2).Midterm Daily'!B52) | C52: =IF('(2).Midterm Daily'!C52="","",'(2).Midterm Daily'!C52) | N52: =IF('(2).Midterm Daily'!AH52="Change","Change",IF('(2).Midterm Daily'!AH52="Stop","Stop",IF(B52="","",IF(COUNTA(D52:M52)<10,"Incomplete",""))))
A53: 11 | B53: =IF('(2).Midterm Daily'!B53="","",'(2).Midterm Daily'!B53) | C53: =IF('(2).Midterm Daily'!C53="","",'(2).Midterm Daily'!C53) | N53: =IF('(2).Midterm Daily'!AH53="Change","Change",IF('(2).Midterm Daily'!AH53="Stop","Stop",IF(B53="","",IF(COUNTA(D53:M53)<10,"Incomplete",""))))
A54: 12 | B54: =IF('(2).Midterm Daily'!B54="","",'(2).Midterm Daily'!B54) | C54: =IF('(2).Midterm Daily'!C54="","",'(2).Midterm Daily'!C54) | N54: =IF('(2).Midterm Daily'!AH54="Change","Change",IF('(2).Midterm Daily'!AH54="Stop","Stop",IF(B54="","",IF(COUNTA(D54:M54)<10,"Incomplete",""))))
... A72: 30 | B72: =IF('(2).Midterm Daily'!B72="","",'(2).Midterm Daily'!B72) | C72: =IF('(2).Midterm Daily'!C72="","",'(2).Midterm Daily'!C72) | N72: =IF('(2).Midterm Daily'!AH72="Change","Change",IF('(2).Midterm Daily'!AH72="Stop","Stop",IF(B72="","",IF(COUNTA(D72:M72)<10,"Incomplete",""))))
A73: Br: | B73: ='(2).Midterm Daily'!B73 -> 0 | D73: MIDTERM EXAM SCORE SHEET
A74: Level: | B74: ='(2).Midterm Daily'!B74 -> 0
A75: Time: | B75: ='(2).Midterm Daily'!B75 -> 0 | D75: ='(2).Midterm Daily'!D75 -> FEBRUARY - JULY 2026
A76: Room: | B76: ='(2).Midterm Daily'!B76 -> 0
A77: Tr: | B77: ='(2).Midterm Daily'!B77 -> 0 | D77: =IF(OR($B74="K5",$B74="K6",$B74="K7",$B74="K8",$B74="K9",$B74="K10"),"Listening","Up-Low C") -> Up-Low C | E77: =IF(OR($B74="K5",$B74="K6",$B74="K7",$B74="K8",$B74="K9",$B74="K10"),"Speaking","Alphabet N") -> Alphabet N | F77: =IF(OR($B74="K5",$B74="K6",$B74="K7",$B74="K8",$B74="K9",$B74="K10"),"Reading","Alphabet S") -> Alphabet S | G77: =IF(OR($B74="K5",$B74="K6",$B74="K7",$B74="K8",$B74="K9",$B74="K10"),"Writing","Vocabulary") -> Vocabulary | H77: =IF(OR($B74="K5",$B74="K6",$B74="K7",$B74="K8",$B74="K9",$B74="K10"),"Grammar","Sprouts") -> Sprouts | I77: =IF(OR($B74="K5",$B74="K6",$B74="K7",$B74="K8",$B74="K9",$B74="K10"),"Vocabulary","Phonics") -> Phonics | J77: =IF(OR($B74="K5",$B74="K6",$B74="K7",$B74="K8",$B74="K9",$B74="K10"),"Roots","Math") -> Math | K77: =IF(OR($B74="K5",$B74="K6",$B74="K7",$B74="K8",$B74="K9",$B74="K10"),"Phonics","Shape") -> Shape | L77: =IF(OR($B74="K5",$B74="K6",$B74="K7",$B74="K8",$B74="K9",$B74="K10"),"Math","Science") -> Science | M77: =IF(OR($B74="K5",$B74="K6",$B74="K7",$B74="K8",$B74="K9",$B74="K10"),"Science","Tracing") -> Tracing | N77: Stop
A78: NO | B78: NAME | C78: SEX | D78: 10 points | E78: 10 points | F78: 10 points | G78: 10 points | H78: 10 points | I78: 10 points | J78: 10 points | K78: 10 points | L78: 10 points | M78: 10 points | N78: Late Exam
A79: 1 | B79: =IF('(2).Midterm Daily'!B79="","",'(2).Midterm Daily'!B79) | C79: =IF('(2).Midterm Daily'!C79="","",'(2).Midterm Daily'!C79) | N79: =IF('(2).Midterm Daily'!AH79="Change","Change",IF('(2).Midterm Daily'!AH79="Stop","Stop",IF(B79="","",IF(COUNTA(D79:M79)<10,"Incomplete",""))))
A80: 2 | B80: =IF('(2).Midterm Daily'!B80="","",'(2).Midterm Daily'!B80) | C80: =IF('(2).Midterm Daily'!C80="","",'(2).Midterm Daily'!C80) | N80: =IF('(2).Midterm Daily'!AH80="Change","Change",IF('(2).Midterm Daily'!AH80="Stop","Stop",IF(B80="","",IF(COUNTA(D80:M80)<10,"Incomplete",""))))
A81: 3 | B81: =IF('(2).Midterm Daily'!B81="","",'(2).Midterm Daily'!B81) | C81: =IF('(2).Midterm Daily'!C81="","",'(2).Midterm Daily'!C81) | N81: =IF('(2).Midterm Daily'!AH81="Change","Change",IF('(2).Midterm Daily'!AH81="Stop","Stop",IF(B81="","",IF(COUNTA(D81:M81)<10,"Incomplete",""))))
A82: 4 | B82: =IF('(2).Midterm Daily'!B82="","",'(2).Midterm Daily'!B82) | C82: =IF('(2).Midterm Daily'!C82="","",'(2).Midterm Daily'!C82) | N82: =IF('(2).Midterm Daily'!AH82="Change","Change",IF('(2).Midterm Daily'!AH82="Stop","Stop",IF(B82="","",IF(COUNTA(D82:M82)<10,"Incomplete",""))))
A83: 5 | B83: =IF('(2).Midterm Daily'!B83="","",'(2).Midterm Daily'!B83) | C83: =IF('(2).Midterm Daily'!C83="","",'(2).Midterm Daily'!C83) | N83: =IF('(2).Midterm Daily'!AH83="Change","Change",IF('(2).Midterm Daily'!AH83="Stop","Stop",IF(B83="","",IF(COUNTA(D83:M83)<10,"Incomplete",""))))
A84: 6 | B84: =IF('(2).Midterm Daily'!B84="","",'(2).Midterm Daily'!B84) | C84: =IF('(2).Midterm Daily'!C84="","",'(2).Midterm Daily'!C84) | N84: =IF('(2).Midterm Daily'!AH84="Change","Change",IF('(2).Midterm Daily'!AH84="Stop","Stop",IF(B84="","",IF(COUNTA(D84:M84)<10,"Incomplete",""))))
A85: 7 | B85: =IF('(2).Midterm Daily'!B85="","",'(2).Midterm Daily'!B85) | C85: =IF('(2).Midterm Daily'!C85="","",'(2).Midterm Daily'!C85) | N85: =IF('(2).Midterm Daily'!AH85="Change","Change",IF('(2).Midterm Daily'!AH85="Stop","Stop",IF(B85="","",IF(COUNTA(D85:M85)<10,"Incomplete",""))))
A86: 8 | B86: =IF('(2).Midterm Daily'!B86="","",'(2).Midterm Daily'!B86) | C86: =IF('(2).Midterm Daily'!C86="","",'(2).Midterm Daily'!C86) | N86: =IF('(2).Midterm Daily'!AH86="Change","Change",IF('(2).Midterm Daily'!AH86="Stop","Stop",IF(B86="","",IF(COUNTA(D86:M86)<10,"Incomplete",""))))
A87: 9 | B87: =IF('(2).Midterm Daily'!B87="","",'(2).Midterm Daily'!B87) | C87: =IF('(2).Midterm Daily'!C87="","",'(2).Midterm Daily'!C87) | N87: =IF('(2).Midterm Daily'!AH87="Change","Change",IF('(2).Midterm Daily'!AH87="Stop","Stop",IF(B87="","",IF(COUNTA(D87:M87)<10,"Incomplete",""))))
A88: 10 | B88: =IF('(2).Midterm Daily'!B88="","",'(2).Midterm Daily'!B88) | C88: =IF('(2).Midterm Daily'!C88="","",'(2).Midterm Daily'!C88) | N88: =IF('(2).Midterm Daily'!AH88="Change","Change",IF('(2).Midterm Daily'!AH88="Stop","Stop",IF(B88="","",IF(COUNTA(D88:M88)<10,"Incomplete",""))))
A89: 11 | B89: =IF('(2).Midterm Daily'!B89="","",'(2).Midterm Daily'!B89) | C89: =IF('(2).Midterm Daily'!C89="","",'(2).Midterm Daily'!C89) | N89: =IF('(2).Midterm Daily'!AH89="Change","Change",IF('(2).Midterm Daily'!AH89="Stop","Stop",IF(B89="","",IF(COUNTA(D89:M89)<10,"Incomplete",""))))
A90: 12 | B90: =IF('(2).Midterm Daily'!B90="","",'(2).Midterm Daily'!B90) | C90: =IF('(2).Midterm Daily'!C90="","",'(2).Midterm Daily'!C90) | N90: =IF('(2).Midterm Daily'!AH90="Change","Change",IF('(2).Midterm Daily'!AH90="Stop","Stop",IF(B90="","",IF(COUNTA(D90:M90)<10,"Incomplete",""))))
... A108: 30 | B108: =IF('(2).Midterm Daily'!B108="","",'(2).Midterm Daily'!B108) | C108: =IF('(2).Midterm Daily'!C108="","",'(2).Midterm Daily'!C108) | N108: =IF('(2).Midterm Daily'!AH108="Change","Change",IF('(2).Midterm Daily'!AH108="Stop","Stop",IF(B108="","",IF(COUNTA(D108:M108)<10,"Incomplete",""))))
A109: Br: | B109: ='(2).Midterm Daily'!B109 -> 0 | D109: MIDTERM EXAM SCORE SHEET
A110: Level: | B110: ='(2).Midterm Daily'!B110 -> 0
A111: Time: | B111: ='(2).Midterm Daily'!B111 -> 0 | D111: ='(2).Midterm Daily'!D111 -> FEBRUARY - JULY 2026
A112: Room: | B112: ='(2).Midterm Daily'!B112 -> 0
A113: Tr: | B113: ='(2).Midterm Daily'!B113 -> 0 | D113: =IF(OR($B110="K5",$B110="K6",$B110="K7",$B110="K8",$B110="K9",$B110="K10"),"Listening","Up-Low C") -> Up-Low C | E113: =IF(OR($B110="K5",$B110="K6",$B110="K7",$B110="K8",$B110="K9",$B110="K10"),"Speaking","Alphabet N") -> Alphabet N | F113: =IF(OR($B110="K5",$B110="K6",$B110="K7",$B110="K8",$B110="K9",$B110="K10"),"Reading","Alphabet S") -> Alphabet S | G113: =IF(OR($B110="K5",$B110="K6",$B110="K7",$B110="K8",$B110="K9",$B110="K10"),"Writing","Vocabulary") -> Vocabulary | H113: =IF(OR($B110="K5",$B110="K6",$B110="K7",$B110="K8",$B110="K9",$B110="K10"),"Grammar","Sprouts") -> Sprouts | I113: =IF(OR($B110="K5",$B110="K6",$B110="K7",$B110="K8",$B110="K9",$B110="K10"),"Vocabulary","Phonics") -> Phonics | J113: =IF(OR($B110="K5",$B110="K6",$B110="K7",$B110="K8",$B110="K9",$B110="K10"),"Roots","Math") -> Math | K113: =IF(OR($B110="K5",$B110="K6",$B110="K7",$B110="K8",$B110="K9",$B110="K10"),"Phonics","Shape") -> Shape | L113: =IF(OR($B110="K5",$B110="K6",$B110="K7",$B110="K8",$B110="K9",$B110="K10"),"Math","Science") -> Science | M113: =IF(OR($B110="K5",$B110="K6",$B110="K7",$B110="K8",$B110="K9",$B110="K10"),"Science","Tracing") -> Tracing | N113: Stop
A114: NO | B114: NAME | C114: SEX | D114: 10 points | E114: 10 points | F114: 10 points | G114: 10 points | H114: 10 points | I114: 10 points | J114: 10 points | K114: 10 points | L114: 10 points | M114: 10 points | N114: Late Exam
A115: 1 | B115: =IF('(2).Midterm Daily'!B115="","",'(2).Midterm Daily'!B115) | C115: =IF('(2).Midterm Daily'!C115="","",'(2).Midterm Daily'!C115) | N115: =IF('(2).Midterm Daily'!AH115="Change","Change",IF('(2).Midterm Daily'!AH115="Stop","Stop",IF(B115="","",IF(COUNTA(D115:M115)<10,"Incomplete",""))))
A116: 2 | B116: =IF('(2).Midterm Daily'!B116="","",'(2).Midterm Daily'!B116) | C116: =IF('(2).Midterm Daily'!C116="","",'(2).Midterm Daily'!C116) | N116: =IF('(2).Midterm Daily'!AH116="Change","Change",IF('(2).Midterm Daily'!AH116="Stop","Stop",IF(B116="","",IF(COUNTA(D116:M116)<10,"Incomplete",""))))
A117: 3 | B117: =IF('(2).Midterm Daily'!B117="","",'(2).Midterm Daily'!B117) | C117: =IF('(2).Midterm Daily'!C117="","",'(2).Midterm Daily'!C117) | N117: =IF('(2).Midterm Daily'!AH117="Change","Change",IF('(2).Midterm Daily'!AH117="Stop","Stop",IF(B117="","",IF(COUNTA(D117:M117)<10,"Incomplete",""))))
A118: 4 | B118: =IF('(2).Midterm Daily'!B118="","",'(2).Midterm Daily'!B118) | C118: =IF('(2).Midterm Daily'!C118="","",'(2).Midterm Daily'!C118) | N118: =IF('(2).Midterm Daily'!AH118="Change","Change",IF('(2).Midterm Daily'!AH118="Stop","Stop",IF(B118="","",IF(COUNTA(D118:M118)<10,"Incomplete",""))))
A119: 5 | B119: =IF('(2).Midterm Daily'!B119="","",'(2).Midterm Daily'!B119) | C119: =IF('(2).Midterm Daily'!C119="","",'(2).Midterm Daily'!C119) | N119: =IF('(2).Midterm Daily'!AH119="Change","Change",IF('(2).Midterm Daily'!AH119="Stop","Stop",IF(B119="","",IF(COUNTA(D119:M119)<10,"Incomplete",""))))
A120: 6 | B120: =IF('(2).Midterm Daily'!B120="","",'(2).Midterm Daily'!B120) | C120: =IF('(2).Midterm Daily'!C120="","",'(2).Midterm Daily'!C120) | N120: =IF('(2).Midterm Daily'!AH120="Change","Change",IF('(2).Midterm Daily'!AH120="Stop","Stop",IF(B120="","",IF(COUNTA(D120:M120)<10,"Incomplete",""))))
A121: 7 | B121: =IF('(2).Midterm Daily'!B121="","",'(2).Midterm Daily'!B121) | C121: =IF('(2).Midterm Daily'!C121="","",'(2).Midterm Daily'!C121) | N121: =IF('(2).Midterm Daily'!AH121="Change","Change",IF('(2).Midterm Daily'!AH121="Stop","Stop",IF(B121="","",IF(COUNTA(D121:M121)<10,"Incomplete",""))))
A122: 8 | B122: =IF('(2).Midterm Daily'!B122="","",'(2).Midterm Daily'!B122) | C122: =IF('(2).Midterm Daily'!C122="","",'(2).Midterm Daily'!C122) | N122: =IF('(2).Midterm Daily'!AH122="Change","Change",IF('(2).Midterm Daily'!AH122="Stop","Stop",IF(B122="","",IF(COUNTA(D122:M122)<10,"Incomplete",""))))
A123: 9 | B123: =IF('(2).Midterm Daily'!B123="","",'(2).Midterm Daily'!B123) | C123: =IF('(2).Midterm Daily'!C123="","",'(2).Midterm Daily'!C123) | N123: =IF('(2).Midterm Daily'!AH123="Change","Change",IF('(2).Midterm Daily'!AH123="Stop","Stop",IF(B123="","",IF(COUNTA(D123:M123)<10,"Incomplete",""))))
A124: 10 | B124: =IF('(2).Midterm Daily'!B124="","",'(2).Midterm Daily'!B124) | C124: =IF('(2).Midterm Daily'!C124="","",'(2).Midterm Daily'!C124) | N124: =IF('(2).Midterm Daily'!AH124="Change","Change",IF('(2).Midterm Daily'!AH124="Stop","Stop",IF(B124="","",IF(COUNTA(D124:M124)<10,"Incomplete",""))))
A125: 11 | B125: =IF('(2).Midterm Daily'!B125="","",'(2).Midterm Daily'!B125) | C125: =IF('(2).Midterm Daily'!C125="","",'(2).Midterm Daily'!C125) | N125: =IF('(2).Midterm Daily'!AH125="Change","Change",IF('(2).Midterm Daily'!AH125="Stop","Stop",IF(B125="","",IF(COUNTA(D125:M125)<10,"Incomplete",""))))
A126: 12 | B126: =IF('(2).Midterm Daily'!B126="","",'(2).Midterm Daily'!B126) | C126: =IF('(2).Midterm Daily'!C126="","",'(2).Midterm Daily'!C126) | N126: =IF('(2).Midterm Daily'!AH126="Change","Change",IF('(2).Midterm Daily'!AH126="Stop","Stop",IF(B126="","",IF(COUNTA(D126:M126)<10,"Incomplete",""))))
... A144: 30 | B144: =IF('(2).Midterm Daily'!B144="","",'(2).Midterm Daily'!B144) | C144: =IF('(2).Midterm Daily'!C144="","",'(2).Midterm Daily'!C144) | N144: =IF('(2).Midterm Daily'!AH144="Change","Change",IF('(2).Midterm Daily'!AH144="Stop","Stop",IF(B144="","",IF(COUNTA(D144:M144)<10,"Incomplete",""))))
A145: Br: | B145: ='(2).Midterm Daily'!B145 -> 0 | D145: MIDTERM EXAM SCORE SHEET
A146: Level: | B146: ='(2).Midterm Daily'!B146 -> 0
A147: Time: | B147: ='(2).Midterm Daily'!B147 -> 0 | D147: ='(2).Midterm Daily'!D147 -> FEBRUARY - JULY 2026
A148: Room: | B148: ='(2).Midterm Daily'!B148 -> 0
A149: Tr: | B149: ='(2).Midterm Daily'!B149 -> 0 | D149: =IF(OR($B146="K5",$B146="K6",$B146="K7",$B146="K8",$B146="K9",$B146="K10"),"Listening","Up-Low C") -> Up-Low C | E149: =IF(OR($B146="K5",$B146="K6",$B146="K7",$B146="K8",$B146="K9",$B146="K10"),"Speaking","Alphabet N") -> Alphabet N | F149: =IF(OR($B146="K5",$B146="K6",$B146="K7",$B146="K8",$B146="K9",$B146="K10"),"Reading","Alphabet S") -> Alphabet S | G149: =IF(OR($B146="K5",$B146="K6",$B146="K7",$B146="K8",$B146="K9",$B146="K10"),"Writing","Vocabulary") -> Vocabulary | H149: =IF(OR($B146="K5",$B146="K6",$B146="K7",$B146="K8",$B146="K9",$B146="K10"),"Grammar","Sprouts") -> Sprouts | I149: =IF(OR($B146="K5",$B146="K6",$B146="K7",$B146="K8",$B146="K9",$B146="K10"),"Vocabulary","Phonics") -> Phonics | J149: =IF(OR($B146="K5",$B146="K6",$B146="K7",$B146="K8",$B146="K9",$B146="K10"),"Roots","Math") -> Math | K149: =IF(OR($B146="K5",$B146="K6",$B146="K7",$B146="K8",$B146="K9",$B146="K10"),"Phonics","Shape") -> Shape | L149: =IF(OR($B146="K5",$B146="K6",$B146="K7",$B146="K8",$B146="K9",$B146="K10"),"Math","Science") -> Science | M149: =IF(OR($B146="K5",$B146="K6",$B146="K7",$B146="K8",$B146="K9",$B146="K10"),"Science","Tracing") -> Tracing | N149: Stop
A150: NO | B150: NAME | C150: SEX | D150: 10 points | E150: 10 points | F150: 10 points | G150: 10 points | H150: 10 points | I150: 10 points | J150: 10 points | K150: 10 points | L150: 10 points | M150: 10 points | N150: Late Exam
A151: 1 | B151: =IF('(2).Midterm Daily'!B151="","",'(2).Midterm Daily'!B151) | C151: =IF('(2).Midterm Daily'!C151="","",'(2).Midterm Daily'!C151) | N151: =IF('(2).Midterm Daily'!AH151="Change","Change",IF('(2).Midterm Daily'!AH151="Stop","Stop",IF(B151="","",IF(COUNTA(D151:M151)<10,"Incomplete",""))))
A152: 2 | B152: =IF('(2).Midterm Daily'!B152="","",'(2).Midterm Daily'!B152) | C152: =IF('(2).Midterm Daily'!C152="","",'(2).Midterm Daily'!C152) | N152: =IF('(2).Midterm Daily'!AH152="Change","Change",IF('(2).Midterm Daily'!AH152="Stop","Stop",IF(B152="","",IF(COUNTA(D152:M152)<10,"Incomplete",""))))
A153: 3 | B153: =IF('(2).Midterm Daily'!B153="","",'(2).Midterm Daily'!B153) | C153: =IF('(2).Midterm Daily'!C153="","",'(2).Midterm Daily'!C153) | N153: =IF('(2).Midterm Daily'!AH153="Change","Change",IF('(2).Midterm Daily'!AH153="Stop","Stop",IF(B153="","",IF(COUNTA(D153:M153)<10,"Incomplete",""))))
A154: 4 | B154: =IF('(2).Midterm Daily'!B154="","",'(2).Midterm Daily'!B154) | C154: =IF('(2).Midterm Daily'!C154="","",'(2).Midterm Daily'!C154) | N154: =IF('(2).Midterm Daily'!AH154="Change","Change",IF('(2).Midterm Daily'!AH154="Stop","Stop",IF(B154="","",IF(COUNTA(D154:M154)<10,"Incomplete",""))))
A155: 5 | B155: =IF('(2).Midterm Daily'!B155="","",'(2).Midterm Daily'!B155) | C155: =IF('(2).Midterm Daily'!C155="","",'(2).Midterm Daily'!C155) | N155: =IF('(2).Midterm Daily'!AH155="Change","Change",IF('(2).Midterm Daily'!AH155="Stop","Stop",IF(B155="","",IF(COUNTA(D155:M155)<10,"Incomplete",""))))
A156: 6 | B156: =IF('(2).Midterm Daily'!B156="","",'(2).Midterm Daily'!B156) | C156: =IF('(2).Midterm Daily'!C156="","",'(2).Midterm Daily'!C156) | N156: =IF('(2).Midterm Daily'!AH156="Change","Change",IF('(2).Midterm Daily'!AH156="Stop","Stop",IF(B156="","",IF(COUNTA(D156:M156)<10,"Incomplete",""))))
A157: 7 | B157: =IF('(2).Midterm Daily'!B157="","",'(2).Midterm Daily'!B157) | C157: =IF('(2).Midterm Daily'!C157="","",'(2).Midterm Daily'!C157) | N157: =IF('(2).Midterm Daily'!AH157="Change","Change",IF('(2).Midterm Daily'!AH157="Stop","Stop",IF(B157="","",IF(COUNTA(D157:M157)<10,"Incomplete",""))))
...

Sheet (4).Midterm Results
A1: Br: | B1: ='(3).Midterm Exam'!B1 -> C2 | D1: MIDTERM RESULTS
A2: Level: | B2: ='(3).Midterm Exam'!B2 -> K1B | D2: ='(3).Midterm Exam'!D3 -> FEBRUARY - JULY 2026
A3: Time: | B3: ='(3).Midterm Exam'!B3 -> 3:00-5:30 | D3: *** Midterm Results (Total Scores) = Midterm Daily (20%) + Midterm Exam (80%) ***
A4: Room: | B4: ='(3).Midterm Exam'!B4 -> 5 | D4: MIDTERM | E4: MIDTERM EXAM | O4: TOTAL
A5: Tr: | B5: ='(3).Midterm Exam'!B5 -> Hong Leeheng | D5: DAILY | E5: =IF(OR($B2="K5",$B2="K6",$B2="K7",$B2="K8",$B2="K9",$B2="K10"),"Listening","Up-Low C") -> Up-Low C | F5: =IF(OR($B2="K5",$B2="K6",$B2="K7",$B2="K8",$B2="K9",$B2="K10"),"Speaking","Alphabet N") -> Alphabet N | G5: =IF(OR($B2="K5",$B2="K6",$B2="K7",$B2="K8",$B2="K9",$B2="K10"),"Reading","Alphabet S") -> Alphabet S | H5: =IF(OR($B2="K5",$B2="K6",$B2="K7",$B2="K8",$B2="K9",$B2="K10"),"Writing","Vocabulary") -> Vocabulary | I5: =IF(OR($B2="K5",$B2="K6",$B2="K7",$B2="K8",$B2="K9",$B2="K10"),"Grammar","Sprouts") -> Sprouts | J5: =IF(OR($B2="K5",$B2="K6",$B2="K7",$B2="K8",$B2="K9",$B2="K10"),"Vocabulary","Phonics") -> Phonics | K5: =IF(OR($B2="K5",$B2="K6",$B2="K7",$B2="K8",$B2="K9",$B2="K10"),"Roots","Math") -> Math | L5: =IF(OR($B2="K5",$B2="K6",$B2="K7",$B2="K8",$B2="K9",$B2="K10"),"Phonics","Shape") -> Shape | M5: =IF(OR($B2="K5",$B2="K6",$B2="K7",$B2="K8",$B2="K9",$B2="K10"),"Math","Science") -> Science | N5: =IF(OR($B2="K5",$B2="K6",$B2="K7",$B2="K8",$B2="K9",$B2="K10"),"Science","Tracing") -> Tracing | O5: SCORES
A6: NO | B6: NAME | C6: SEX | D6: 100 points | E6: 10 points | F6: 10 points | G6: 10 points | H6: 10 points | I6: 10 points | J6: 10 points | K6: 10 points | L6: 10 points | M6: 10 points | N6: 10 points | O6: 100 points
A7: 1 | B7: =IF('(3).Midterm Exam'!B7="","",'(3).Midterm Exam'!B7) -> Chhim Chansithika | C7: =IF('(3).Midterm Exam'!C7="","",'(3).Midterm Exam'!C7) -> F | D7: =IF('(2).Midterm Daily'!AH7="","",'(2).Midterm Daily'!AH7) -> 85.875 | E7: =IF('(3).Midterm Exam'!D7="","",'(3).Midterm Exam'!D7) -> 9 | F7: =IF('(3).Midterm Exam'!E7="","",'(3).Midterm Exam'!E7) -> 8.5 | G7: =IF('(3).Midterm Exam'!F7="","",'(3).Midterm Exam'!F7) -> 10 | H7: =IF('(3).Midterm Exam'!G7="","",'(3).Midterm Exam'!G7) -> 5.5 | I7: =IF('(3).Midterm Exam'!H7="","",'(3).Midterm Exam'!H7) -> 7.5 | J7: =IF('(3).Midterm Exam'!I7="","",'(3).Midterm Exam'!I7) -> 9 | K7: =IF('(3).Midterm Exam'!J7="","",'(3).Midterm Exam'!J7) -> 10 | L7: =IF('(3).Midterm Exam'!K7="","",'(3).Midterm Exam'!K7) -> 10 | ... N7: =IF('(3).Midterm Exam'!M7="","",'(3).Midterm Exam'!M7) -> 8 | O7: =IF(B7="","",IF(D7="Incomplete","Incomplete",IF('(3).Midterm Exam'!N7="Change","Change",IF('(3).Midterm Exam'!N7="Stop","Stop",IF('(3).Midterm Exam'!N7="Incomplete","Incomplete",IF(COUNTBLANK(D7:N7)>=1,"Incomplete",D7*20%+SUM(E7:N7)*80%)))))) -> 87.175
A8: 2 | B8: =IF('(3).Midterm Exam'!B8="","",'(3).Midterm Exam'!B8) -> Chhout Senghour | C8: =IF('(3).Midterm Exam'!C8="","",'(3).Midterm Exam'!C8) -> M | D8: =IF('(2).Midterm Daily'!AH8="","",'(2).Midterm Daily'!AH8) -> 67.25 | E8: =IF('(3).Midterm Exam'!D8="","",'(3).Midterm Exam'!D8) -> 6.5 | F8: =IF('(3).Midterm Exam'!E8="","",'(3).Midterm Exam'!E8) -> 6.75 | G8: =IF('(3).Midterm Exam'!F8="","",'(3).Midterm Exam'!F8) -> 3 | H8: =IF('(3).Midterm Exam'!G8="","",'(3).Midterm Exam'!G8) -> 5 | I8: =IF('(3).Midterm Exam'!H8="","",'(3).Midterm Exam'!H8) -> 2 | J8: =IF('(3).Midterm Exam'!I8="","",'(3).Midterm Exam'!I8) -> 6 | K8: =IF('(3).Midterm Exam'!J8="","",'(3).Midterm Exam'!J8) -> 10 | L8: =IF('(3).Midterm Exam'!K8="","",'(3).Midterm Exam'!K8) -> 7 | ... N8: =IF('(3).Midterm Exam'!M8="","",'(3).Midterm Exam'!M8) -> 8 | O8: =IF(B8="","",IF(D8="Incomplete","Incomplete",IF('(3).Midterm Exam'!N8="Change","Change",IF('(3).Midterm Exam'!N8="Stop","Stop",IF('(3).Midterm Exam'!N8="Incomplete","Incomplete",IF(COUNTBLANK(D8:N8)>=1,"Incomplete",D8*20%+SUM(E8:N8)*80%)))))) -> 61.65
A9: 3 | B9: =IF('(3).Midterm Exam'!B9="","",'(3).Midterm Exam'!B9) -> Det Phouri | C9: =IF('(3).Midterm Exam'!C9="","",'(3).Midterm Exam'!C9) -> M | D9: =IF('(2).Midterm Daily'!AH9="","",'(2).Midterm Daily'!AH9) -> 89.625 | E9: =IF('(3).Midterm Exam'!D9="","",'(3).Midterm Exam'!D9) -> 9 | F9: =IF('(3).Midterm Exam'!E9="","",'(3).Midterm Exam'!E9) -> 9 | G9: =IF('(3).Midterm Exam'!F9="","",'(3).Midterm Exam'!F9) -> 8.25 | H9: =IF('(3).Midterm Exam'!G9="","",'(3).Midterm Exam'!G9) -> 8 | I9: =IF('(3).Midterm Exam'!H9="","",'(3).Midterm Exam'!H9) -> 7.25 | J9: =IF('(3).Midterm Exam'!I9="","",'(3).Midterm Exam'!I9) -> 9 | K9: =IF('(3).Midterm Exam'!J9="","",'(3).Midterm Exam'!J9) -> 10 | L9: =IF('(3).Midterm Exam'!K9="","",'(3).Midterm Exam'!K9) -> 8 | ... N9: =IF('(3).Midterm Exam'!M9="","",'(3).Midterm Exam'!M9) -> 8.5 | O9: =IF(B9="","",IF(D9="Incomplete","Incomplete",IF('(3).Midterm Exam'!N9="Change","Change",IF('(3).Midterm Exam'!N9="Stop","Stop",IF('(3).Midterm Exam'!N9="Incomplete","Incomplete",IF(COUNTBLANK(D9:N9)>=1,"Incomplete",D9*20%+SUM(E9:N9)*80%)))))) -> 87.525
A10: 4 | B10: =IF('(3).Midterm Exam'!B10="","",'(3).Midterm Exam'!B10) -> Dy Chanto | C10: =IF('(3).Midterm Exam'!C10="","",'(3).Midterm Exam'!C10) -> M | D10: =IF('(2).Midterm Daily'!AH10="","",'(2).Midterm Daily'!AH10) -> 49 | E10: =IF('(3).Midterm Exam'!D10="","",'(3).Midterm Exam'!D10) -> 6.5 | F10: =IF('(3).Midterm Exam'!E10="","",'(3).Midterm Exam'!E10) -> 4 | G10: =IF('(3).Midterm Exam'!F10="","",'(3).Midterm Exam'!F10) -> 0.5 | H10: =IF('(3).Midterm Exam'!G10="","",'(3).Midterm Exam'!G10) -> 5.5 | I10: =IF('(3).Midterm Exam'!H10="","",'(3).Midterm Exam'!H10) -> 3 | J10: =IF('(3).Midterm Exam'!I10="","",'(3).Midterm Exam'!I10) -> 2 | K10: =IF('(3).Midterm Exam'!J10="","",'(3).Midterm Exam'!J10) -> 10 | L10: =IF('(3).Midterm Exam'!K10="","",'(3).Midterm Exam'!K10) -> 9 | ... N10: =IF('(3).Midterm Exam'!M10="","",'(3).Midterm Exam'!M10) -> 8 | O10: =IF(B10="","",IF(D10="Incomplete","Incomplete",IF('(3).Midterm Exam'!N10="Change","Change",IF('(3).Midterm Exam'!N10="Stop","Stop",IF('(3).Midterm Exam'!N10="Incomplete","Incomplete",IF(COUNTBLANK(D10:N10)>=1,"Incomplete",D10*20%+SUM(E10:N10)*80%)))))) -> 53.8
A11: 5 | B11: =IF('(3).Midterm Exam'!B11="","",'(3).Midterm Exam'!B11) -> Dy Meyly | C11: =IF('(3).Midterm Exam'!C11="","",'(3).Midterm Exam'!C11) -> F | D11: =IF('(2).Midterm Daily'!AH11="","",'(2).Midterm Daily'!AH11) -> 96.625 | E11: =IF('(3).Midterm Exam'!D11="","",'(3).Midterm Exam'!D11) -> 10 | F11: =IF('(3).Midterm Exam'!E11="","",'(3).Midterm Exam'!E11) -> 10 | G11: =IF('(3).Midterm Exam'!F11="","",'(3).Midterm Exam'!F11) -> 10 | H11: =IF('(3).Midterm Exam'!G11="","",'(3).Midterm Exam'!G11) -> 10 | I11: =IF('(3).Midterm Exam'!H11="","",'(3).Midterm Exam'!H11) -> 10 | J11: =IF('(3).Midterm Exam'!I11="","",'(3).Midterm Exam'!I11) -> 10 | K11: =IF('(3).Midterm Exam'!J11="","",'(3).Midterm Exam'!J11) -> 10 | L11: =IF('(3).Midterm Exam'!K11="","",'(3).Midterm Exam'!K11) -> 10 | ... N11: =IF('(3).Midterm Exam'!M11="","",'(3).Midterm Exam'!M11) -> 10 | O11: =IF(B11="","",IF(D11="Incomplete","Incomplete",IF('(3).Midterm Exam'!N11="Change","Change",IF('(3).Midterm Exam'!N11="Stop","Stop",IF('(3).Midterm Exam'!N11="Incomplete","Incomplete",IF(COUNTBLANK(D11:N11)>=1,"Incomplete",D11*20%+SUM(E11:N11)*80%)))))) -> 99.325
A12: 6 | B12: =IF('(3).Midterm Exam'!B12="","",'(3).Midterm Exam'!B12) -> Heang Limhak | C12: =IF('(3).Midterm Exam'!C12="","",'(3).Midterm Exam'!C12) -> M | D12: =IF('(2).Midterm Daily'!AH12="","",'(2).Midterm Daily'!AH12) -> 83.25 | E12: =IF('(3).Midterm Exam'!D12="","",'(3).Midterm Exam'!D12) -> 9.75 | F12: =IF('(3).Midterm Exam'!E12="","",'(3).Midterm Exam'!E12) -> 8.75 | G12: =IF('(3).Midterm Exam'!F12="","",'(3).Midterm Exam'!F12) -> 9.5 | H12: =IF('(3).Midterm Exam'!G12="","",'(3).Midterm Exam'!G12) -> 8 | I12: =IF('(3).Midterm Exam'!H12="","",'(3).Midterm Exam'!H12) -> 5 | J12: =IF('(3).Midterm Exam'!I12="","",'(3).Midterm Exam'!I12) -> 10 | K12: =IF('(3).Midterm Exam'!J12="","",'(3).Midterm Exam'!J12) -> 7 | L12: =IF('(3).Midterm Exam'!K12="","",'(3).Midterm Exam'!K12) -> 7 | ... N12: =IF('(3).Midterm Exam'!M12="","",'(3).Midterm Exam'!M12) -> 9.5 | O12: =IF(B12="","",IF(D12="Incomplete","Incomplete",IF('(3).Midterm Exam'!N12="Change","Change",IF('(3).Midterm Exam'!N12="Stop","Stop",IF('(3).Midterm Exam'!N12="Incomplete","Incomplete",IF(COUNTBLANK(D12:N12)>=1,"Incomplete",D12*20%+SUM(E12:N12)*80%)))))) -> 83.45
A13: 7 | B13: =IF('(3).Midterm Exam'!B13="","",'(3).Midterm Exam'!B13) -> Keo Tepsatsjak | C13: =IF('(3).Midterm Exam'!C13="","",'(3).Midterm Exam'!C13) -> M | D13: =IF('(2).Midterm Daily'!AH13="","",'(2).Midterm Daily'!AH13) -> 91.5 | E13: =IF('(3).Midterm Exam'!D13="","",'(3).Midterm Exam'!D13) -> 9 | F13: =IF('(3).Midterm Exam'!E13="","",'(3).Midterm Exam'!E13) -> 8.5 | G13: =IF('(3).Midterm Exam'!F13="","",'(3).Midterm Exam'!F13) -> 10 | H13: =IF('(3).Midterm Exam'!G13="","",'(3).Midterm Exam'!G13) -> 9.5 | I13: =IF('(3).Midterm Exam'!H13="","",'(3).Midterm Exam'!H13) -> 9 | J13: =IF('(3).Midterm Exam'!I13="","",'(3).Midterm Exam'!I13) -> 10 | K13: =IF('(3).Midterm Exam'!J13="","",'(3).Midterm Exam'!J13) -> 10 | L13: =IF('(3).Midterm Exam'!K13="","",'(3).Midterm Exam'!K13) -> 10 | ... N13: =IF('(3).Midterm Exam'!M13="","",'(3).Midterm Exam'!M13) -> 9.75 | O13: =IF(B13="","",IF(D13="Incomplete","Incomplete",IF('(3).Midterm Exam'!N13="Change","Change",IF('(3).Midterm Exam'!N13="Stop","Stop",IF('(3).Midterm Exam'!N13="Incomplete","Incomplete",IF(COUNTBLANK(D13:N13)>=1,"Incomplete",D13*20%+SUM(E13:N13)*80%)))))) -> 94.9
A14: 8 | B14: =IF('(3).Midterm Exam'!B14="","",'(3).Midterm Exam'!B14) -> Kong Yonghae | C14: =IF('(3).Midterm Exam'!C14="","",'(3).Midterm Exam'!C14) -> M | D14: =IF('(2).Midterm Daily'!AH14="","",'(2).Midterm Daily'!AH14) -> 91 | E14: =IF('(3).Midterm Exam'!D14="","",'(3).Midterm Exam'!D14) -> 10 | F14: =IF('(3).Midterm Exam'!E14="","",'(3).Midterm Exam'!E14) -> 9.25 | G14: =IF('(3).Midterm Exam'!F14="","",'(3).Midterm Exam'!F14) -> 9.75 | H14: =IF('(3).Midterm Exam'!G14="","",'(3).Midterm Exam'!G14) -> 10 | I14: =IF('(3).Midterm Exam'!H14="","",'(3).Midterm Exam'!H14) -> 9 | J14: =IF('(3).Midterm Exam'!I14="","",'(3).Midterm Exam'!I14) -> 10 | K14: =IF('(3).Midterm Exam'!J14="","",'(3).Midterm Exam'!J14) -> 10 | L14: =IF('(3).Midterm Exam'!K14="","",'(3).Midterm Exam'!K14) -> 10 | ... N14: =IF('(3).Midterm Exam'!M14="","",'(3).Midterm Exam'!M14) -> 10 | O14: =IF(B14="","",IF(D14="Incomplete","Incomplete",IF('(3).Midterm Exam'!N14="Change","Change",IF('(3).Midterm Exam'!N14="Stop","Stop",IF('(3).Midterm Exam'!N14="Incomplete","Incomplete",IF(COUNTBLANK(D14:N14)>=1,"Incomplete",D14*20%+SUM(E14:N14)*80%)))))) -> 96.6
A15: 9 | B15: =IF('(3).Midterm Exam'!B15="","",'(3).Midterm Exam'!B15) -> Lim Davymulika | C15: =IF('(3).Midterm Exam'!C15="","",'(3).Midterm Exam'!C15) -> F | D15: =IF('(2).Midterm Daily'!AH15="","",'(2).Midterm Daily'!AH15) -> 60.875 | E15: =IF('(3).Midterm Exam'!D15="","",'(3).Midterm Exam'!D15) -> 9.5 | F15: =IF('(3).Midterm Exam'!E15="","",'(3).Midterm Exam'!E15) -> 7 | G15: =IF('(3).Midterm Exam'!F15="","",'(3).Midterm Exam'!F15) -> 9 | H15: =IF('(3).Midterm Exam'!G15="","",'(3).Midterm Exam'!G15) -> 6 | I15: =IF('(3).Midterm Exam'!H15="","",'(3).Midterm Exam'!H15) -> 7.75 | J15: =IF('(3).Midterm Exam'!I15="","",'(3).Midterm Exam'!I15) -> 7 | K15: =IF('(3).Midterm Exam'!J15="","",'(3).Midterm Exam'!J15) -> 10 | L15: =IF('(3).Midterm Exam'!K15="","",'(3).Midterm Exam'!K15) -> 7 | ... N15: =IF('(3).Midterm Exam'!M15="","",'(3).Midterm Exam'!M15) -> 9 | O15: =IF(B15="","",IF(D15="Incomplete","Incomplete",IF('(3).Midterm Exam'!N15="Change","Change",IF('(3).Midterm Exam'!N15="Stop","Stop",IF('(3).Midterm Exam'!N15="Incomplete","Incomplete",IF(COUNTBLANK(D15:N15)>=1,"Incomplete",D15*20%+SUM(E15:N15)*80%)))))) -> 77.975
A16: 10 | B16: =IF('(3).Midterm Exam'!B16="","",'(3).Midterm Exam'!B16) -> Lot SamAngvichara | C16: =IF('(3).Midterm Exam'!C16="","",'(3).Midterm Exam'!C16) -> F | D16: =IF('(2).Midterm Daily'!AH16="","",'(2).Midterm Daily'!AH16) -> 93.5 | E16: =IF('(3).Midterm Exam'!D16="","",'(3).Midterm Exam'!D16) -> 9 | F16: =IF('(3).Midterm Exam'!E16="","",'(3).Midterm Exam'!E16) -> 9.5 | G16: =IF('(3).Midterm Exam'!F16="","",'(3).Midterm Exam'!F16) -> 10 | H16: =IF('(3).Midterm Exam'!G16="","",'(3).Midterm Exam'!G16) -> 10 | I16: =IF('(3).Midterm Exam'!H16="","",'(3).Midterm Exam'!H16) -> 10 | J16: =IF('(3).Midterm Exam'!I16="","",'(3).Midterm Exam'!I16) -> 10 | K16: =IF('(3).Midterm Exam'!J16="","",'(3).Midterm Exam'!J16) -> 10 | L16: =IF('(3).Midterm Exam'!K16="","",'(3).Midterm Exam'!K16) -> 10 | ... N16: =IF('(3).Midterm Exam'!M16="","",'(3).Midterm Exam'!M16) -> 9 | O16: =IF(B16="","",IF(D16="Incomplete","Incomplete",IF('(3).Midterm Exam'!N16="Change","Change",IF('(3).Midterm Exam'!N16="Stop","Stop",IF('(3).Midterm Exam'!N16="Incomplete","Incomplete",IF(COUNTBLANK(D16:N16)>=1,"Incomplete",D16*20%+SUM(E16:N16)*80%)))))) -> 96.7
A17: 11 | B17: =IF('(3).Midterm Exam'!B17="","",'(3).Midterm Exam'!B17) -> Lot Vichheka | C17: =IF('(3).Midterm Exam'!C17="","",'(3).Midterm Exam'!C17) -> M | D17: =IF('(2).Midterm Daily'!AH17="","",'(2).Midterm Daily'!AH17) -> 92 | E17: =IF('(3).Midterm Exam'!D17="","",'(3).Midterm Exam'!D17) -> 9.5 | F17: =IF('(3).Midterm Exam'!E17="","",'(3).Midterm Exam'!E17) -> 10 | G17: =IF('(3).Midterm Exam'!F17="","",'(3).Midterm Exam'!F17) -> 10 | H17: =IF('(3).Midterm Exam'!G17="","",'(3).Midterm Exam'!G17) -> 10 | I17: =IF('(3).Midterm Exam'!H17="","",'(3).Midterm Exam'!H17) -> 10 | J17: =IF('(3).Midterm Exam'!I17="","",'(3).Midterm Exam'!I17) -> 10 | K17: =IF('(3).Midterm Exam'!J17="","",'(3).Midterm Exam'!J17) -> 10 | L17: =IF('(3).Midterm Exam'!K17="","",'(3).Midterm Exam'!K17) -> 10 | ... N17: =IF('(3).Midterm Exam'!M17="","",'(3).Midterm Exam'!M17) -> 9.75 | O17: =IF(B17="","",IF(D17="Incomplete","Incomplete",IF('(3).Midterm Exam'!N17="Change","Change",IF('(3).Midterm Exam'!N17="Stop","Stop",IF('(3).Midterm Exam'!N17="Incomplete","Incomplete",IF(COUNTBLANK(D17:N17)>=1,"Incomplete",D17*20%+SUM(E17:N17)*80%)))))) -> 97.8
A18: 12 | B18: =IF('(3).Midterm Exam'!B18="","",'(3).Midterm Exam'!B18) -> Ly Kanha | C18: =IF('(3).Midterm Exam'!C18="","",'(3).Midterm Exam'!C18) -> F | D18: =IF('(2).Midterm Daily'!AH18="","",'(2).Midterm Daily'!AH18) -> 89.5 | E18: =IF('(3).Midterm Exam'!D18="","",'(3).Midterm Exam'!D18) -> 8 | F18: =IF('(3).Midterm Exam'!E18="","",'(3).Midterm Exam'!E18) -> 8.5 | G18: =IF('(3).Midterm Exam'!F18="","",'(3).Midterm Exam'!F18) -> 10 | H18: =IF('(3).Midterm Exam'!G18="","",'(3).Midterm Exam'!G18) -> 9 | I18: =IF('(3).Midterm Exam'!H18="","",'(3).Midterm Exam'!H18) -> 9 | J18: =IF('(3).Midterm Exam'!I18="","",'(3).Midterm Exam'!I18) -> 9 | K18: =IF('(3).Midterm Exam'!J18="","",'(3).Midterm Exam'!J18) -> 10 | L18: =IF('(3).Midterm Exam'!K18="","",'(3).Midterm Exam'!K18) -> 10 | ... N18: =IF('(3).Midterm Exam'!M18="","",'(3).Midterm Exam'!M18) -> 10 | O18: =IF(B18="","",IF(D18="Incomplete","Incomplete",IF('(3).Midterm Exam'!N18="Change","Change",IF('(3).Midterm Exam'!N18="Stop","Stop",IF('(3).Midterm Exam'!N18="Incomplete","Incomplete",IF(COUNTBLANK(D18:N18)>=1,"Incomplete",D18*20%+SUM(E18:N18)*80%)))))) -> 91.1
... A36: 30 | B36: =IF('(3).Midterm Exam'!B36="","",'(3).Midterm Exam'!B36) | C36: =IF('(3).Midterm Exam'!C36="","",'(3).Midterm Exam'!C36) | D36: =IF('(2).Midterm Daily'!AH36="","",'(2).Midterm Daily'!AH36) | E36: =IF('(3).Midterm Exam'!D36="","",'(3).Midterm Exam'!D36) | F36: =IF('(3).Midterm Exam'!E36="","",'(3).Midterm Exam'!E36) | G36: =IF('(3).Midterm Exam'!F36="","",'(3).Midterm Exam'!F36) | H36: =IF('(3).Midterm Exam'!G36="","",'(3).Midterm Exam'!G36) | I36: =IF('(3).Midterm Exam'!H36="","",'(3).Midterm Exam'!H36) | J36: =IF('(3).Midterm Exam'!I36="","",'(3).Midterm Exam'!I36) | K36: =IF('(3).Midterm Exam'!J36="","",'(3).Midterm Exam'!J36) | L36: =IF('(3).Midterm Exam'!K36="","",'(3).Midterm Exam'!K36) | ... N36: =IF('(3).Midterm Exam'!M36="","",'(3).Midterm Exam'!M36) | O36: =IF(B36="","",IF(D36="Incomplete","Incomplete",IF('(3).Midterm Exam'!N36="Change","Change",IF('(3).Midterm Exam'!N36="Stop","Stop",IF('(3).Midterm Exam'!N36="Incomplete","Incomplete",IF(COUNTBLANK(D36:N36)>=1,"Incomplete",D36*20%+SUM(E36:N36)*80%))))))
A37: Br: | B37: ='(3).Midterm Exam'!B37 -> 0 | D37: MIDTERM RESULTS
A38: Level: | B38: ='(3).Midterm Exam'!B38 -> 0 | D38: ='(3).Midterm Exam'!D39 -> FEBRUARY - JULY 2026
A39: Time: | B39: ='(3).Midterm Exam'!B39 -> 0 | D39: *** Midterm Results (Total Scores) = Midterm Daily (20%) + Midterm Exam (80%) ***
A40: Room: | B40: ='(3).Midterm Exam'!B40 -> 0 | D40: MIDTERM | E40: MIDTERM EXAM | O40: TOTAL
A41: Tr: | B41: ='(3).Midterm Exam'!B41 -> 0 | D41: DAILY | E41: =IF(OR($B38="K5",$B38="K6",$B38="K7",$B38="K8",$B38="K9",$B38="K10"),"Listening","Up-Low C") -> Up-Low C | F41: =IF(OR($B38="K5",$B38="K6",$B38="K7",$B38="K8",$B38="K9",$B38="K10"),"Speaking","Alphabet N") -> Alphabet N | G41: =IF(OR($B38="K5",$B38="K6",$B38="K7",$B38="K8",$B38="K9",$B38="K10"),"Reading","Alphabet S") -> Alphabet S | H41: =IF(OR($B38="K5",$B38="K6",$B38="K7",$B38="K8",$B38="K9",$B38="K10"),"Writing","Vocabulary") -> Vocabulary | I41: =IF(OR($B38="K5",$B38="K6",$B38="K7",$B38="K8",$B38="K9",$B38="K10"),"Grammar","Sprouts") -> Sprouts | J41: =IF(OR($B38="K5",$B38="K6",$B38="K7",$B38="K8",$B38="K9",$B38="K10"),"Vocabulary","Phonics") -> Phonics | K41: =IF(OR($B38="K5",$B38="K6",$B38="K7",$B38="K8",$B38="K9",$B38="K10"),"Roots","Math") -> Math | L41: =IF(OR($B38="K5",$B38="K6",$B38="K7",$B38="K8",$B38="K9",$B38="K10"),"Phonics","Shape") -> Shape | M41: =IF(OR($B38="K5",$B38="K6",$B38="K7",$B38="K8",$B38="K9",$B38="K10"),"Math","Science") -> Science | N41: =IF(OR($B38="K5",$B38="K6",$B38="K7",$B38="K8",$B38="K9",$B38="K10"),"Science","Tracing") -> Tracing | O41: SCORES
A42: NO | B42: NAME | C42: SEX | D42: 100 points | E42: 10 points | F42: 10 points | G42: 10 points | H42: 10 points | I42: 10 points | J42: 10 points | K42: 10 points | L42: 10 points | M42: 10 points | N42: 10 points | O42: 100 points
A43: 1 | B43: =IF('(3).Midterm Exam'!B43="","",'(3).Midterm Exam'!B43) | C43: =IF('(3).Midterm Exam'!C43="","",'(3).Midterm Exam'!C43) | D43: =IF('(2).Midterm Daily'!AH43="","",'(2).Midterm Daily'!AH43) | E43: =IF('(3).Midterm Exam'!D43="","",'(3).Midterm Exam'!D43) | F43: =IF('(3).Midterm Exam'!E43="","",'(3).Midterm Exam'!E43) | G43: =IF('(3).Midterm Exam'!F43="","",'(3).Midterm Exam'!F43) | H43: =IF('(3).Midterm Exam'!G43="","",'(3).Midterm Exam'!G43) | I43: =IF('(3).Midterm Exam'!H43="","",'(3).Midterm Exam'!H43) | J43: =IF('(3).Midterm Exam'!I43="","",'(3).Midterm Exam'!I43) | K43: =IF('(3).Midterm Exam'!J43="","",'(3).Midterm Exam'!J43) | L43: =IF('(3).Midterm Exam'!K43="","",'(3).Midterm Exam'!K43) | ... N43: =IF('(3).Midterm Exam'!M43="","",'(3).Midterm Exam'!M43) | O43: =IF(B43="","",IF(D43="Incomplete","Incomplete",IF('(3).Midterm Exam'!N43="Change","Change",IF('(3).Midterm Exam'!N43="Stop","Stop",IF('(3).Midterm Exam'!N43="Incomplete","Incomplete",IF(COUNTBLANK(D43:N43)>=1,"Incomplete",D43*20%+SUM(E43:N43)*80%))))))
A44: 2 | B44: =IF('(3).Midterm Exam'!B44="","",'(3).Midterm Exam'!B44) | C44: =IF('(3).Midterm Exam'!C44="","",'(3).Midterm Exam'!C44) | D44: =IF('(2).Midterm Daily'!AH44="","",'(2).Midterm Daily'!AH44) | E44: =IF('(3).Midterm Exam'!D44="","",'(3).Midterm Exam'!D44) | F44: =IF('(3).Midterm Exam'!E44="","",'(3).Midterm Exam'!E44) | G44: =IF('(3).Midterm Exam'!F44="","",'(3).Midterm Exam'!F44) | H44: =IF('(3).Midterm Exam'!G44="","",'(3).Midterm Exam'!G44) | I44: =IF('(3).Midterm Exam'!H44="","",'(3).Midterm Exam'!H44) | J44: =IF('(3).Midterm Exam'!I44="","",'(3).Midterm Exam'!I44) | K44: =IF('(3).Midterm Exam'!J44="","",'(3).Midterm Exam'!J44) | L44: =IF('(3).Midterm Exam'!K44="","",'(3).Midterm Exam'!K44) | ... N44: =IF('(3).Midterm Exam'!M44="","",'(3).Midterm Exam'!M44) | O44: =IF(B44="","",IF(D44="Incomplete","Incomplete",IF('(3).Midterm Exam'!N44="Change","Change",IF('(3).Midterm Exam'!N44="Stop","Stop",IF('(3).Midterm Exam'!N44="Incomplete","Incomplete",IF(COUNTBLANK(D44:N44)>=1,"Incomplete",D44*20%+SUM(E44:N44)*80%))))))
A45: 3 | B45: =IF('(3).Midterm Exam'!B45="","",'(3).Midterm Exam'!B45) | C45: =IF('(3).Midterm Exam'!C45="","",'(3).Midterm Exam'!C45) | D45: =IF('(2).Midterm Daily'!AH45="","",'(2).Midterm Daily'!AH45) | E45: =IF('(3).Midterm Exam'!D45="","",'(3).Midterm Exam'!D45) | F45: =IF('(3).Midterm Exam'!E45="","",'(3).Midterm Exam'!E45) | G45: =IF('(3).Midterm Exam'!F45="","",'(3).Midterm Exam'!F45) | H45: =IF('(3).Midterm Exam'!G45="","",'(3).Midterm Exam'!G45) | I45: =IF('(3).Midterm Exam'!H45="","",'(3).Midterm Exam'!H45) | J45: =IF('(3).Midterm Exam'!I45="","",'(3).Midterm Exam'!I45) | K45: =IF('(3).Midterm Exam'!J45="","",'(3).Midterm Exam'!J45) | L45: =IF('(3).Midterm Exam'!K45="","",'(3).Midterm Exam'!K45) | ... N45: =IF('(3).Midterm Exam'!M45="","",'(3).Midterm Exam'!M45) | O45: =IF(B45="","",IF(D45="Incomplete","Incomplete",IF('(3).Midterm Exam'!N45="Change","Change",IF('(3).Midterm Exam'!N45="Stop","Stop",IF('(3).Midterm Exam'!N45="Incomplete","Incomplete",IF(COUNTBLANK(D45:N45)>=1,"Incomplete",D45*20%+SUM(E45:N45)*80%))))))
A46: 4 | B46: =IF('(3).Midterm Exam'!B46="","",'(3).Midterm Exam'!B46) | C46: =IF('(3).Midterm Exam'!C46="","",'(3).Midterm Exam'!C46) | D46: =IF('(2).Midterm Daily'!AH46="","",'(2).Midterm Daily'!AH46) | E46: =IF('(3).Midterm Exam'!D46="","",'(3).Midterm Exam'!D46) | F46: =IF('(3).Midterm Exam'!E46="","",'(3).Midterm Exam'!E46) | G46: =IF('(3).Midterm Exam'!F46="","",'(3).Midterm Exam'!F46) | H46: =IF('(3).Midterm Exam'!G46="","",'(3).Midterm Exam'!G46) | I46: =IF('(3).Midterm Exam'!H46="","",'(3).Midterm Exam'!H46) | J46: =IF('(3).Midterm Exam'!I46="","",'(3).Midterm Exam'!I46) | K46: =IF('(3).Midterm Exam'!J46="","",'(3).Midterm Exam'!J46) | L46: =IF('(3).Midterm Exam'!K46="","",'(3).Midterm Exam'!K46) | ... N46: =IF('(3).Midterm Exam'!M46="","",'(3).Midterm Exam'!M46) | O46: =IF(B46="","",IF(D46="Incomplete","Incomplete",IF('(3).Midterm Exam'!N46="Change","Change",IF('(3).Midterm Exam'!N46="Stop","Stop",IF('(3).Midterm Exam'!N46="Incomplete","Incomplete",IF(COUNTBLANK(D46:N46)>=1,"Incomplete",D46*20%+SUM(E46:N46)*80%))))))
A47: 5 | B47: =IF('(3).Midterm Exam'!B47="","",'(3).Midterm Exam'!B47) | C47: =IF('(3).Midterm Exam'!C47="","",'(3).Midterm Exam'!C47) | D47: =IF('(2).Midterm Daily'!AH47="","",'(2).Midterm Daily'!AH47) | E47: =IF('(3).Midterm Exam'!D47="","",'(3).Midterm Exam'!D47) | F47: =IF('(3).Midterm Exam'!E47="","",'(3).Midterm Exam'!E47) | G47: =IF('(3).Midterm Exam'!F47="","",'(3).Midterm Exam'!F47) | H47: =IF('(3).Midterm Exam'!G47="","",'(3).Midterm Exam'!G47) | I47: =IF('(3).Midterm Exam'!H47="","",'(3).Midterm Exam'!H47) | J47: =IF('(3).Midterm Exam'!I47="","",'(3).Midterm Exam'!I47) | K47: =IF('(3).Midterm Exam'!J47="","",'(3).Midterm Exam'!J47) | L47: =IF('(3).Midterm Exam'!K47="","",'(3).Midterm Exam'!K47) | ... N47: =IF('(3).Midterm Exam'!M47="","",'(3).Midterm Exam'!M47) | O47: =IF(B47="","",IF(D47="Incomplete","Incomplete",IF('(3).Midterm Exam'!N47="Change","Change",IF('(3).Midterm Exam'!N47="Stop","Stop",IF('(3).Midterm Exam'!N47="Incomplete","Incomplete",IF(COUNTBLANK(D47:N47)>=1,"Incomplete",D47*20%+SUM(E47:N47)*80%))))))
A48: 6 | B48: =IF('(3).Midterm Exam'!B48="","",'(3).Midterm Exam'!B48) | C48: =IF('(3).Midterm Exam'!C48="","",'(3).Midterm Exam'!C48) | D48: =IF('(2).Midterm Daily'!AH48="","",'(2).Midterm Daily'!AH48) | E48: =IF('(3).Midterm Exam'!D48="","",'(3).Midterm Exam'!D48) | F48: =IF('(3).Midterm Exam'!E48="","",'(3).Midterm Exam'!E48) | G48: =IF('(3).Midterm Exam'!F48="","",'(3).Midterm Exam'!F48) | H48: =IF('(3).Midterm Exam'!G48="","",'(3).Midterm Exam'!G48) | I48: =IF('(3).Midterm Exam'!H48="","",'(3).Midterm Exam'!H48) | J48: =IF('(3).Midterm Exam'!I48="","",'(3).Midterm Exam'!I48) | K48: =IF('(3).Midterm Exam'!J48="","",'(3).Midterm Exam'!J48) | L48: =IF('(3).Midterm Exam'!K48="","",'(3).Midterm Exam'!K48) | ... N48: =IF('(3).Midterm Exam'!M48="","",'(3).Midterm Exam'!M48) | O48: =IF(B48="","",IF(D48="Incomplete","Incomplete",IF('(3).Midterm Exam'!N48="Change","Change",IF('(3).Midterm Exam'!N48="Stop","Stop",IF('(3).Midterm Exam'!N48="Incomplete","Incomplete",IF(COUNTBLANK(D48:N48)>=1,"Incomplete",D48*20%+SUM(E48:N48)*80%))))))
A49: 7 | B49: =IF('(3).Midterm Exam'!B49="","",'(3).Midterm Exam'!B49) | C49: =IF('(3).Midterm Exam'!C49="","",'(3).Midterm Exam'!C49) | D49: =IF('(2).Midterm Daily'!AH49="","",'(2).Midterm Daily'!AH49) | E49: =IF('(3).Midterm Exam'!D49="","",'(3).Midterm Exam'!D49) | F49: =IF('(3).Midterm Exam'!E49="","",'(3).Midterm Exam'!E49) | G49: =IF('(3).Midterm Exam'!F49="","",'(3).Midterm Exam'!F49) | H49: =IF('(3).Midterm Exam'!G49="","",'(3).Midterm Exam'!G49) | I49: =IF('(3).Midterm Exam'!H49="","",'(3).Midterm Exam'!H49) | J49: =IF('(3).Midterm Exam'!I49="","",'(3).Midterm Exam'!I49) | K49: =IF('(3).Midterm Exam'!J49="","",'(3).Midterm Exam'!J49) | L49: =IF('(3).Midterm Exam'!K49="","",'(3).Midterm Exam'!K49) | ... N49: =IF('(3).Midterm Exam'!M49="","",'(3).Midterm Exam'!M49) | O49: =IF(B49="","",IF(D49="Incomplete","Incomplete",IF('(3).Midterm Exam'!N49="Change","Change",IF('(3).Midterm Exam'!N49="Stop","Stop",IF('(3).Midterm Exam'!N49="Incomplete","Incomplete",IF(COUNTBLANK(D49:N49)>=1,"Incomplete",D49*20%+SUM(E49:N49)*80%))))))
A50: 8 | B50: =IF('(3).Midterm Exam'!B50="","",'(3).Midterm Exam'!B50) | C50: =IF('(3).Midterm Exam'!C50="","",'(3).Midterm Exam'!C50) | D50: =IF('(2).Midterm Daily'!AH50="","",'(2).Midterm Daily'!AH50) | E50: =IF('(3).Midterm Exam'!D50="","",'(3).Midterm Exam'!D50) | F50: =IF('(3).Midterm Exam'!E50="","",'(3).Midterm Exam'!E50) | G50: =IF('(3).Midterm Exam'!F50="","",'(3).Midterm Exam'!F50) | H50: =IF('(3).Midterm Exam'!G50="","",'(3).Midterm Exam'!G50) | I50: =IF('(3).Midterm Exam'!H50="","",'(3).Midterm Exam'!H50) | J50: =IF('(3).Midterm Exam'!I50="","",'(3).Midterm Exam'!I50) | K50: =IF('(3).Midterm Exam'!J50="","",'(3).Midterm Exam'!J50) | L50: =IF('(3).Midterm Exam'!K50="","",'(3).Midterm Exam'!K50) | ... N50: =IF('(3).Midterm Exam'!M50="","",'(3).Midterm Exam'!M50) | O50: =IF(B50="","",IF(D50="Incomplete","Incomplete",IF('(3).Midterm Exam'!N50="Change","Change",IF('(3).Midterm Exam'!N50="Stop","Stop",IF('(3).Midterm Exam'!N50="Incomplete","Incomplete",IF(COUNTBLANK(D50:N50)>=1,"Incomplete",D50*20%+SUM(E50:N50)*80%))))))
A51: 9 | B51: =IF('(3).Midterm Exam'!B51="","",'(3).Midterm Exam'!B51) | C51: =IF('(3).Midterm Exam'!C51="","",'(3).Midterm Exam'!C51) | D51: =IF('(2).Midterm Daily'!AH51="","",'(2).Midterm Daily'!AH51) | E51: =IF('(3).Midterm Exam'!D51="","",'(3).Midterm Exam'!D51) | F51: =IF('(3).Midterm Exam'!E51="","",'(3).Midterm Exam'!E51) | G51: =IF('(3).Midterm Exam'!F51="","",'(3).Midterm Exam'!F51) | H51: =IF('(3).Midterm Exam'!G51="","",'(3).Midterm Exam'!G51) | I51: =IF('(3).Midterm Exam'!H51="","",'(3).Midterm Exam'!H51) | J51: =IF('(3).Midterm Exam'!I51="","",'(3).Midterm Exam'!I51) | K51: =IF('(3).Midterm Exam'!J51="","",'(3).Midterm Exam'!J51) | L51: =IF('(3).Midterm Exam'!K51="","",'(3).Midterm Exam'!K51) | ... N51: =IF('(3).Midterm Exam'!M51="","",'(3).Midterm Exam'!M51) | O51: =IF(B51="","",IF(D51="Incomplete","Incomplete",IF('(3).Midterm Exam'!N51="Change","Change",IF('(3).Midterm Exam'!N51="Stop","Stop",IF('(3).Midterm Exam'!N51="Incomplete","Incomplete",IF(COUNTBLANK(D51:N51)>=1,"Incomplete",D51*20%+SUM(E51:N51)*80%))))))
A52: 10 | B52: =IF('(3).Midterm Exam'!B52="","",'(3).Midterm Exam'!B52) | C52: =IF('(3).Midterm Exam'!C52="","",'(3).Midterm Exam'!C52) | D52: =IF('(2).Midterm Daily'!AH52="","",'(2).Midterm Daily'!AH52) | E52: =IF('(3).Midterm Exam'!D52="","",'(3).Midterm Exam'!D52) | F52: =IF('(3).Midterm Exam'!E52="","",'(3).Midterm Exam'!E52) | G52: =IF('(3).Midterm Exam'!F52="","",'(3).Midterm Exam'!F52) | H52: =IF('(3).Midterm Exam'!G52="","",'(3).Midterm Exam'!G52) | I52: =IF('(3).Midterm Exam'!H52="","",'(3).Midterm Exam'!H52) | J52: =IF('(3).Midterm Exam'!I52="","",'(3).Midterm Exam'!I52) | K52: =IF('(3).Midterm Exam'!J52="","",'(3).Midterm Exam'!J52) | L52: =IF('(3).Midterm Exam'!K52="","",'(3).Midterm Exam'!K52) | ... N52: =IF('(3).Midterm Exam'!M52="","",'(3).Midterm Exam'!M52) | O52: =IF(B52="","",IF(D52="Incomplete","Incomplete",IF('(3).Midterm Exam'!N52="Change","Change",IF('(3).Midterm Exam'!N52="Stop","Stop",IF('(3).Midterm Exam'!N52="Incomplete","Incomplete",IF(COUNTBLANK(D52:N52)>=1,"Incomplete",D52*20%+SUM(E52:N52)*80%))))))
A53: 11 | B53: =IF('(3).Midterm Exam'!B53="","",'(3).Midterm Exam'!B53) | C53: =IF('(3).Midterm Exam'!C53="","",'(3).Midterm Exam'!C53) | D53: =IF('(2).Midterm Daily'!AH53="","",'(2).Midterm Daily'!AH53) | E53: =IF('(3).Midterm Exam'!D53="","",'(3).Midterm Exam'!D53) | F53: =IF('(3).Midterm Exam'!E53="","",'(3).Midterm Exam'!E53) | G53: =IF('(3).Midterm Exam'!F53="","",'(3).Midterm Exam'!F53) | H53: =IF('(3).Midterm Exam'!G53="","",'(3).Midterm Exam'!G53) | I53: =IF('(3).Midterm Exam'!H53="","",'(3).Midterm Exam'!H53) | J53: =IF('(3).Midterm Exam'!I53="","",'(3).Midterm Exam'!I53) | K53: =IF('(3).Midterm Exam'!J53="","",'(3).Midterm Exam'!J53) | L53: =IF('(3).Midterm Exam'!K53="","",'(3).Midterm Exam'!K53) | ... N53: =IF('(3).Midterm Exam'!M53="","",'(3).Midterm Exam'!M53) | O53: =IF(B53="","",IF(D53="Incomplete","Incomplete",IF('(3).Midterm Exam'!N53="Change","Change",IF('(3).Midterm Exam'!N53="Stop","Stop",IF('(3).Midterm Exam'!N53="Incomplete","Incomplete",IF(COUNTBLANK(D53:N53)>=1,"Incomplete",D53*20%+SUM(E53:N53)*80%))))))
A54: 12 | B54: =IF('(3).Midterm Exam'!B54="","",'(3).Midterm Exam'!B54) | C54: =IF('(3).Midterm Exam'!C54="","",'(3).Midterm Exam'!C54) | D54: =IF('(2).Midterm Daily'!AH54="","",'(2).Midterm Daily'!AH54) | E54: =IF('(3).Midterm Exam'!D54="","",'(3).Midterm Exam'!D54) | F54: =IF('(3).Midterm Exam'!E54="","",'(3).Midterm Exam'!E54) | G54: =IF('(3).Midterm Exam'!F54="","",'(3).Midterm Exam'!F54) | H54: =IF('(3).Midterm Exam'!G54="","",'(3).Midterm Exam'!G54) | I54: =IF('(3).Midterm Exam'!H54="","",'(3).Midterm Exam'!H54) | J54: =IF('(3).Midterm Exam'!I54="","",'(3).Midterm Exam'!I54) | K54: =IF('(3).Midterm Exam'!J54="","",'(3).Midterm Exam'!J54) | L54: =IF('(3).Midterm Exam'!K54="","",'(3).Midterm Exam'!K54) | ... N54: =IF('(3).Midterm Exam'!M54="","",'(3).Midterm Exam'!M54) | O54: =IF(B54="","",IF(D54="Incomplete","Incomplete",IF('(3).Midterm Exam'!N54="Change","Change",IF('(3).Midterm Exam'!N54="Stop","Stop",IF('(3).Midterm Exam'!N54="Incomplete","Incomplete",IF(COUNTBLANK(D54:N54)>=1,"Incomplete",D54*20%+SUM(E54:N54)*80%))))))
... A72: 30 | B72: =IF('(3).Midterm Exam'!B72="","",'(3).Midterm Exam'!B72) | C72: =IF('(3).Midterm Exam'!C72="","",'(3).Midterm Exam'!C72) | D72: =IF('(2).Midterm Daily'!AH72="","",'(2).Midterm Daily'!AH72) | E72: =IF('(3).Midterm Exam'!D72="","",'(3).Midterm Exam'!D72) | F72: =IF('(3).Midterm Exam'!E72="","",'(3).Midterm Exam'!E72) | G72: =IF('(3).Midterm Exam'!F72="","",'(3).Midterm Exam'!F72) | H72: =IF('(3).Midterm Exam'!G72="","",'(3).Midterm Exam'!G72) | I72: =IF('(3).Midterm Exam'!H72="","",'(3).Midterm Exam'!H72) | J72: =IF('(3).Midterm Exam'!I72="","",'(3).Midterm Exam'!I72) | K72: =IF('(3).Midterm Exam'!J72="","",'(3).Midterm Exam'!J72) | L72: =IF('(3).Midterm Exam'!K72="","",'(3).Midterm Exam'!K72) | ... N72: =IF('(3).Midterm Exam'!M72="","",'(3).Midterm Exam'!M72) | O72: =IF(B72="","",IF(D72="Incomplete","Incomplete",IF('(3).Midterm Exam'!N72="Change","Change",IF('(3).Midterm Exam'!N72="Stop","Stop",IF('(3).Midterm Exam'!N72="Incomplete","Incomplete",IF(COUNTBLANK(D72:N72)>=1,"Incomplete",D72*20%+SUM(E72:N72)*80%))))))
A73: Br: | B73: ='(3).Midterm Exam'!B73 -> 0 | D73: MIDTERM RESULTS
A74: Level: | B74: ='(3).Midterm Exam'!B74 -> 0 | D74: ='(3).Midterm Exam'!D75 -> FEBRUARY - JULY 2026
A75: Time: | B75: ='(3).Midterm Exam'!B75 -> 0 | D75: *** Midterm Results (Total Scores) = Midterm Daily (20%) + Midterm Exam (80%) ***
A76: Room: | B76: ='(3).Midterm Exam'!B76 -> 0 | D76: MIDTERM | E76: MIDTERM EXAM | O76: TOTAL
A77: Tr: | B77: ='(3).Midterm Exam'!B77 -> 0 | D77: DAILY | E77: =IF(OR($B74="K5",$B74="K6",$B74="K7",$B74="K8",$B74="K9",$B74="K10"),"Listening","Up-Low C") -> Up-Low C | F77: =IF(OR($B74="K5",$B74="K6",$B74="K7",$B74="K8",$B74="K9",$B74="K10"),"Speaking","Alphabet N") -> Alphabet N | G77: =IF(OR($B74="K5",$B74="K6",$B74="K7",$B74="K8",$B74="K9",$B74="K10"),"Reading","Alphabet S") -> Alphabet S | H77: =IF(OR($B74="K5",$B74="K6",$B74="K7",$B74="K8",$B74="K9",$B74="K10"),"Writing","Vocabulary") -> Vocabulary | I77: =IF(OR($B74="K5",$B74="K6",$B74="K7",$B74="K8",$B74="K9",$B74="K10"),"Grammar","Sprouts") -> Sprouts | J77: =IF(OR($B74="K5",$B74="K6",$B74="K7",$B74="K8",$B74="K9",$B74="K10"),"Vocabulary","Phonics") -> Phonics | K77: =IF(OR($B74="K5",$B74="K6",$B74="K7",$B74="K8",$B74="K9",$B74="K10"),"Roots","Math") -> Math | L77: =IF(OR($B74="K5",$B74="K6",$B74="K7",$B74="K8",$B74="K9",$B74="K10"),"Phonics","Shape") -> Shape | M77: =IF(OR($B74="K5",$B74="K6",$B74="K7",$B74="K8",$B74="K9",$B74="K10"),"Math","Science") -> Science | N77: =IF(OR($B74="K5",$B74="K6",$B74="K7",$B74="K8",$B74="K9",$B74="K10"),"Science","Tracing") -> Tracing | O77: SCORES
A78: NO | B78: NAME | C78: SEX | D78: 100 points | E78: 10 points | F78: 10 points | G78: 10 points | H78: 10 points | I78: 10 points | J78: 10 points | K78: 10 points | L78: 10 points | M78: 10 points | N78: 10 points | O78: 100 points
A79: 1 | B79: =IF('(3).Midterm Exam'!B79="","",'(3).Midterm Exam'!B79) | C79: =IF('(3).Midterm Exam'!C79="","",'(3).Midterm Exam'!C79) | D79: =IF('(2).Midterm Daily'!AH79="","",'(2).Midterm Daily'!AH79) | E79: =IF('(3).Midterm Exam'!D79="","",'(3).Midterm Exam'!D79) | F79: =IF('(3).Midterm Exam'!E79="","",'(3).Midterm Exam'!E79) | G79: =IF('(3).Midterm Exam'!F79="","",'(3).Midterm Exam'!F79) | H79: =IF('(3).Midterm Exam'!G79="","",'(3).Midterm Exam'!G79) | I79: =IF('(3).Midterm Exam'!H79="","",'(3).Midterm Exam'!H79) | J79: =IF('(3).Midterm Exam'!I79="","",'(3).Midterm Exam'!I79) | K79: =IF('(3).Midterm Exam'!J79="","",'(3).Midterm Exam'!J79) | L79: =IF('(3).Midterm Exam'!K79="","",'(3).Midterm Exam'!K79) | ... N79: =IF('(3).Midterm Exam'!M79="","",'(3).Midterm Exam'!M79) | O79: =IF(B79="","",IF(D79="Incomplete","Incomplete",IF('(3).Midterm Exam'!N79="Change","Change",IF('(3).Midterm Exam'!N79="Stop","Stop",IF('(3).Midterm Exam'!N79="Incomplete","Incomplete",IF(COUNTBLANK(D79:N79)>=1,"Incomplete",D79*20%+SUM(E79:N79)*80%))))))
A80: 2 | B80: =IF('(3).Midterm Exam'!B80="","",'(3).Midterm Exam'!B80) | C80: =IF('(3).Midterm Exam'!C80="","",'(3).Midterm Exam'!C80) | D80: =IF('(2).Midterm Daily'!AH80="","",'(2).Midterm Daily'!AH80) | E80: =IF('(3).Midterm Exam'!D80="","",'(3).Midterm Exam'!D80) | F80: =IF('(3).Midterm Exam'!E80="","",'(3).Midterm Exam'!E80) | G80: =IF('(3).Midterm Exam'!F80="","",'(3).Midterm Exam'!F80) | H80: =IF('(3).Midterm Exam'!G80="","",'(3).Midterm Exam'!G80) | I80: =IF('(3).Midterm Exam'!H80="","",'(3).Midterm Exam'!H80) | J80: =IF('(3).Midterm Exam'!I80="","",'(3).Midterm Exam'!I80) | K80: =IF('(3).Midterm Exam'!J80="","",'(3).Midterm Exam'!J80) | L80: =IF('(3).Midterm Exam'!K80="","",'(3).Midterm Exam'!K80) | ... N80: =IF('(3).Midterm Exam'!M80="","",'(3).Midterm Exam'!M80) | O80: =IF(B80="","",IF(D80="Incomplete","Incomplete",IF('(3).Midterm Exam'!N80="Change","Change",IF('(3).Midterm Exam'!N80="Stop","Stop",IF('(3).Midterm Exam'!N80="Incomplete","Incomplete",IF(COUNTBLANK(D80:N80)>=1,"Incomplete",D80*20%+SUM(E80:N80)*80%))))))
A81: 3 | B81: =IF('(3).Midterm Exam'!B81="","",'(3).Midterm Exam'!B81) | C81: =IF('(3).Midterm Exam'!C81="","",'(3).Midterm Exam'!C81) | D81: =IF('(2).Midterm Daily'!AH81="","",'(2).Midterm Daily'!AH81) | E81: =IF('(3).Midterm Exam'!D81="","",'(3).Midterm Exam'!D81) | F81: =IF('(3).Midterm Exam'!E81="","",'(3).Midterm Exam'!E81) | G81: =IF('(3).Midterm Exam'!F81="","",'(3).Midterm Exam'!F81) | H81: =IF('(3).Midterm Exam'!G81="","",'(3).Midterm Exam'!G81) | I81: =IF('(3).Midterm Exam'!H81="","",'(3).Midterm Exam'!H81) | J81: =IF('(3).Midterm Exam'!I81="","",'(3).Midterm Exam'!I81) | K81: =IF('(3).Midterm Exam'!J81="","",'(3).Midterm Exam'!J81) | L81: =IF('(3).Midterm Exam'!K81="","",'(3).Midterm Exam'!K81) | ... N81: =IF('(3).Midterm Exam'!M81="","",'(3).Midterm Exam'!M81) | O81: =IF(B81="","",IF(D81="Incomplete","Incomplete",IF('(3).Midterm Exam'!N81="Change","Change",IF('(3).Midterm Exam'!N81="Stop","Stop",IF('(3).Midterm Exam'!N81="Incomplete","Incomplete",IF(COUNTBLANK(D81:N81)>=1,"Incomplete",D81*20%+SUM(E81:N81)*80%))))))
A82: 4 | B82: =IF('(3).Midterm Exam'!B82="","",'(3).Midterm Exam'!B82) | C82: =IF('(3).Midterm Exam'!C82="","",'(3).Midterm Exam'!C82) | D82: =IF('(2).Midterm Daily'!AH82="","",'(2).Midterm Daily'!AH82) | E82: =IF('(3).Midterm Exam'!D82="","",'(3).Midterm Exam'!D82) | F82: =IF('(3).Midterm Exam'!E82="","",'(3).Midterm Exam'!E82) | G82: =IF('(3).Midterm Exam'!F82="","",'(3).Midterm Exam'!F82) | H82: =IF('(3).Midterm Exam'!G82="","",'(3).Midterm Exam'!G82) | I82: =IF('(3).Midterm Exam'!H82="","",'(3).Midterm Exam'!H82) | J82: =IF('(3).Midterm Exam'!I82="","",'(3).Midterm Exam'!I82) | K82: =IF('(3).Midterm Exam'!J82="","",'(3).Midterm Exam'!J82) | L82: =IF('(3).Midterm Exam'!K82="","",'(3).Midterm Exam'!K82) | ... N82: =IF('(3).Midterm Exam'!M82="","",'(3).Midterm Exam'!M82) | O82: =IF(B82="","",IF(D82="Incomplete","Incomplete",IF('(3).Midterm Exam'!N82="Change","Change",IF('(3).Midterm Exam'!N82="Stop","Stop",IF('(3).Midterm Exam'!N82="Incomplete","Incomplete",IF(COUNTBLANK(D82:N82)>=1,"Incomplete",D82*20%+SUM(E82:N82)*80%))))))
A83: 5 | B83: =IF('(3).Midterm Exam'!B83="","",'(3).Midterm Exam'!B83) | C83: =IF('(3).Midterm Exam'!C83="","",'(3).Midterm Exam'!C83) | D83: =IF('(2).Midterm Daily'!AH83="","",'(2).Midterm Daily'!AH83) | E83: =IF('(3).Midterm Exam'!D83="","",'(3).Midterm Exam'!D83) | F83: =IF('(3).Midterm Exam'!E83="","",'(3).Midterm Exam'!E83) | G83: =IF('(3).Midterm Exam'!F83="","",'(3).Midterm Exam'!F83) | H83: =IF('(3).Midterm Exam'!G83="","",'(3).Midterm Exam'!G83) | I83: =IF('(3).Midterm Exam'!H83="","",'(3).Midterm Exam'!H83) | J83: =IF('(3).Midterm Exam'!I83="","",'(3).Midterm Exam'!I83) | K83: =IF('(3).Midterm Exam'!J83="","",'(3).Midterm Exam'!J83) | L83: =IF('(3).Midterm Exam'!K83="","",'(3).Midterm Exam'!K83) | ... N83: =IF('(3).Midterm Exam'!M83="","",'(3).Midterm Exam'!M83) | O83: =IF(B83="","",IF(D83="Incomplete","Incomplete",IF('(3).Midterm Exam'!N83="Change","Change",IF('(3).Midterm Exam'!N83="Stop","Stop",IF('(3).Midterm Exam'!N83="Incomplete","Incomplete",IF(COUNTBLANK(D83:N83)>=1,"Incomplete",D83*20%+SUM(E83:N83)*80%))))))
A84: 6 | B84: =IF('(3).Midterm Exam'!B84="","",'(3).Midterm Exam'!B84) | C84: =IF('(3).Midterm Exam'!C84="","",'(3).Midterm Exam'!C84) | D84: =IF('(2).Midterm Daily'!AH84="","",'(2).Midterm Daily'!AH84) | E84: =IF('(3).Midterm Exam'!D84="","",'(3).Midterm Exam'!D84) | F84: =IF('(3).Midterm Exam'!E84="","",'(3).Midterm Exam'!E84) | G84: =IF('(3).Midterm Exam'!F84="","",'(3).Midterm Exam'!F84) | H84: =IF('(3).Midterm Exam'!G84="","",'(3).Midterm Exam'!G84) | I84: =IF('(3).Midterm Exam'!H84="","",'(3).Midterm Exam'!H84) | J84: =IF('(3).Midterm Exam'!I84="","",'(3).Midterm Exam'!I84) | K84: =IF('(3).Midterm Exam'!J84="","",'(3).Midterm Exam'!J84) | L84: =IF('(3).Midterm Exam'!K84="","",'(3).Midterm Exam'!K84) | ... N84: =IF('(3).Midterm Exam'!M84="","",'(3).Midterm Exam'!M84) | O84: =IF(B84="","",IF(D84="Incomplete","Incomplete",IF('(3).Midterm Exam'!N84="Change","Change",IF('(3).Midterm Exam'!N84="Stop","Stop",IF('(3).Midterm Exam'!N84="Incomplete","Incomplete",IF(COUNTBLANK(D84:N84)>=1,"Incomplete",D84*20%+SUM(E84:N84)*80%))))))
A85: 7 | B85: =IF('(3).Midterm Exam'!B85="","",'(3).Midterm Exam'!B85) | C85: =IF('(3).Midterm Exam'!C85="","",'(3).Midterm Exam'!C85) | D85: =IF('(2).Midterm Daily'!AH85="","",'(2).Midterm Daily'!AH85) | E85: =IF('(3).Midterm Exam'!D85="","",'(3).Midterm Exam'!D85) | F85: =IF('(3).Midterm Exam'!E85="","",'(3).Midterm Exam'!E85) | G85: =IF('(3).Midterm Exam'!F85="","",'(3).Midterm Exam'!F85) | H85: =IF('(3).Midterm Exam'!G85="","",'(3).Midterm Exam'!G85) | I85: =IF('(3).Midterm Exam'!H85="","",'(3).Midterm Exam'!H85) | J85: =IF('(3).Midterm Exam'!I85="","",'(3).Midterm Exam'!I85) | K85: =IF('(3).Midterm Exam'!J85="","",'(3).Midterm Exam'!J85) | L85: =IF('(3).Midterm Exam'!K85="","",'(3).Midterm Exam'!K85) | ... N85: =IF('(3).Midterm Exam'!M85="","",'(3).Midterm Exam'!M85) | O85: =IF(B85="","",IF(D85="Incomplete","Incomplete",IF('(3).Midterm Exam'!N85="Change","Change",IF('(3).Midterm Exam'!N85="Stop","Stop",IF('(3).Midterm Exam'!N85="Incomplete","Incomplete",IF(COUNTBLANK(D85:N85)>=1,"Incomplete",D85*20%+SUM(E85:N85)*80%))))))
A86: 8 | B86: =IF('(3).Midterm Exam'!B86="","",'(3).Midterm Exam'!B86) | C86: =IF('(3).Midterm Exam'!C86="","",'(3).Midterm Exam'!C86) | D86: =IF('(2).Midterm Daily'!AH86="","",'(2).Midterm Daily'!AH86) | E86: =IF('(3).Midterm Exam'!D86="","",'(3).Midterm Exam'!D86) | F86: =IF('(3).Midterm Exam'!E86="","",'(3).Midterm Exam'!E86) | G86: =IF('(3).Midterm Exam'!F86="","",'(3).Midterm Exam'!F86) | H86: =IF('(3).Midterm Exam'!G86="","",'(3).Midterm Exam'!G86) | I86: =IF('(3).Midterm Exam'!H86="","",'(3).Midterm Exam'!H86) | J86: =IF('(3).Midterm Exam'!I86="","",'(3).Midterm Exam'!I86) | K86: =IF('(3).Midterm Exam'!J86="","",'(3).Midterm Exam'!J86) | L86: =IF('(3).Midterm Exam'!K86="","",'(3).Midterm Exam'!K86) | ... N86: =IF('(3).Midterm Exam'!M86="","",'(3).Midterm Exam'!M86) | O86: =IF(B86="","",IF(D86="Incomplete","Incomplete",IF('(3).Midterm Exam'!N86="Change","Change",IF('(3).Midterm Exam'!N86="Stop","Stop",IF('(3).Midterm Exam'!N86="Incomplete","Incomplete",IF(COUNTBLANK(D86:N86)>=1,"Incomplete",D86*20%+SUM(E86:N86)*80%))))))
A87: 9 | B87: =IF('(3).Midterm Exam'!B87="","",'(3).Midterm Exam'!B87) | C87: =IF('(3).Midterm Exam'!C87="","",'(3).Midterm Exam'!C87) | D87: =IF('(2).Midterm Daily'!AH87="","",'(2).Midterm Daily'!AH87) | E87: =IF('(3).Midterm Exam'!D87="","",'(3).Midterm Exam'!D87) | F87: =IF('(3).Midterm Exam'!E87="","",'(3).Midterm Exam'!E87) | G87: =IF('(3).Midterm Exam'!F87="","",'(3).Midterm Exam'!F87) | H87: =IF('(3).Midterm Exam'!G87="","",'(3).Midterm Exam'!G87) | I87: =IF('(3).Midterm Exam'!H87="","",'(3).Midterm Exam'!H87) | J87: =IF('(3).Midterm Exam'!I87="","",'(3).Midterm Exam'!I87) | K87: =IF('(3).Midterm Exam'!J87="","",'(3).Midterm Exam'!J87) | L87: =IF('(3).Midterm Exam'!K87="","",'(3).Midterm Exam'!K87) | ... N87: =IF('(3).Midterm Exam'!M87="","",'(3).Midterm Exam'!M87) | O87: =IF(B87="","",IF(D87="Incomplete","Incomplete",IF('(3).Midterm Exam'!N87="Change","Change",IF('(3).Midterm Exam'!N87="Stop","Stop",IF('(3).Midterm Exam'!N87="Incomplete","Incomplete",IF(COUNTBLANK(D87:N87)>=1,"Incomplete",D87*20%+SUM(E87:N87)*80%))))))
A88: 10 | B88: =IF('(3).Midterm Exam'!B88="","",'(3).Midterm Exam'!B88) | C88: =IF('(3).Midterm Exam'!C88="","",'(3).Midterm Exam'!C88) | D88: =IF('(2).Midterm Daily'!AH88="","",'(2).Midterm Daily'!AH88) | E88: =IF('(3).Midterm Exam'!D88="","",'(3).Midterm Exam'!D88) | F88: =IF('(3).Midterm Exam'!E88="","",'(3).Midterm Exam'!E88) | G88: =IF('(3).Midterm Exam'!F88="","",'(3).Midterm Exam'!F88) | H88: =IF('(3).Midterm Exam'!G88="","",'(3).Midterm Exam'!G88) | I88: =IF('(3).Midterm Exam'!H88="","",'(3).Midterm Exam'!H88) | J88: =IF('(3).Midterm Exam'!I88="","",'(3).Midterm Exam'!I88) | K88: =IF('(3).Midterm Exam'!J88="","",'(3).Midterm Exam'!J88) | L88: =IF('(3).Midterm Exam'!K88="","",'(3).Midterm Exam'!K88) | ... N88: =IF('(3).Midterm Exam'!M88="","",'(3).Midterm Exam'!M88) | O88: =IF(B88="","",IF(D88="Incomplete","Incomplete",IF('(3).Midterm Exam'!N88="Change","Change",IF('(3).Midterm Exam'!N88="Stop","Stop",IF('(3).Midterm Exam'!N88="Incomplete","Incomplete",IF(COUNTBLANK(D88:N88)>=1,"Incomplete",D88*20%+SUM(E88:N88)*80%))))))
A89: 11 | B89: =IF('(3).Midterm Exam'!B89="","",'(3).Midterm Exam'!B89) | C89: =IF('(3).Midterm Exam'!C89="","",'(3).Midterm Exam'!C89) | D89: =IF('(2).Midterm Daily'!AH89="","",'(2).Midterm Daily'!AH89) | E89: =IF('(3).Midterm Exam'!D89="","",'(3).Midterm Exam'!D89) | F89: =IF('(3).Midterm Exam'!E89="","",'(3).Midterm Exam'!E89) | G89: =IF('(3).Midterm Exam'!F89="","",'(3).Midterm Exam'!F89) | H89: =IF('(3).Midterm Exam'!G89="","",'(3).Midterm Exam'!G89) | I89: =IF('(3).Midterm Exam'!H89="","",'(3).Midterm Exam'!H89) | J89: =IF('(3).Midterm Exam'!I89="","",'(3).Midterm Exam'!I89) | K89: =IF('(3).Midterm Exam'!J89="","",'(3).Midterm Exam'!J89) | L89: =IF('(3).Midterm Exam'!K89="","",'(3).Midterm Exam'!K89) | ... N89: =IF('(3).Midterm Exam'!M89="","",'(3).Midterm Exam'!M89) | O89: =IF(B89="","",IF(D89="Incomplete","Incomplete",IF('(3).Midterm Exam'!N89="Change","Change",IF('(3).Midterm Exam'!N89="Stop","Stop",IF('(3).Midterm Exam'!N89="Incomplete","Incomplete",IF(COUNTBLANK(D89:N89)>=1,"Incomplete",D89*20%+SUM(E89:N89)*80%))))))
A90: 12 | B90: =IF('(3).Midterm Exam'!B90="","",'(3).Midterm Exam'!B90) | C90: =IF('(3).Midterm Exam'!C90="","",'(3).Midterm Exam'!C90) | D90: =IF('(2).Midterm Daily'!AH90="","",'(2).Midterm Daily'!AH90) | E90: =IF('(3).Midterm Exam'!D90="","",'(3).Midterm Exam'!D90) | F90: =IF('(3).Midterm Exam'!E90="","",'(3).Midterm Exam'!E90) | G90: =IF('(3).Midterm Exam'!F90="","",'(3).Midterm Exam'!F90) | H90: =IF('(3).Midterm Exam'!G90="","",'(3).Midterm Exam'!G90) | I90: =IF('(3).Midterm Exam'!H90="","",'(3).Midterm Exam'!H90) | J90: =IF('(3).Midterm Exam'!I90="","",'(3).Midterm Exam'!I90) | K90: =IF('(3).Midterm Exam'!J90="","",'(3).Midterm Exam'!J90) | L90: =IF('(3).Midterm Exam'!K90="","",'(3).Midterm Exam'!K90) | ... N90: =IF('(3).Midterm Exam'!M90="","",'(3).Midterm Exam'!M90) | O90: =IF(B90="","",IF(D90="Incomplete","Incomplete",IF('(3).Midterm Exam'!N90="Change","Change",IF('(3).Midterm Exam'!N90="Stop","Stop",IF('(3).Midterm Exam'!N90="Incomplete","Incomplete",IF(COUNTBLANK(D90:N90)>=1,"Incomplete",D90*20%+SUM(E90:N90)*80%))))))
... A108: 30 | B108: =IF('(3).Midterm Exam'!B108="","",'(3).Midterm Exam'!B108) | C108: =IF('(3).Midterm Exam'!C108="","",'(3).Midterm Exam'!C108) | D108: =IF('(2).Midterm Daily'!AH108="","",'(2).Midterm Daily'!AH108) | E108: =IF('(3).Midterm Exam'!D108="","",'(3).Midterm Exam'!D108) | F108: =IF('(3).Midterm Exam'!E108="","",'(3).Midterm Exam'!E108) | G108: =IF('(3).Midterm Exam'!F108="","",'(3).Midterm Exam'!F108) | H108: =IF('(3).Midterm Exam'!G108="","",'(3).Midterm Exam'!G108) | I108: =IF('(3).Midterm Exam'!H108="","",'(3).Midterm Exam'!H108) | J108: =IF('(3).Midterm Exam'!I108="","",'(3).Midterm Exam'!I108) | K108: =IF('(3).Midterm Exam'!J108="","",'(3).Midterm Exam'!J108) | L108: =IF('(3).Midterm Exam'!K108="","",'(3).Midterm Exam'!K108) | ... N108: =IF('(3).Midterm Exam'!M108="","",'(3).Midterm Exam'!M108) | O108: =IF(B108="","",IF(D108="Incomplete","Incomplete",IF('(3).Midterm Exam'!N108="Change","Change",IF('(3).Midterm Exam'!N108="Stop","Stop",IF('(3).Midterm Exam'!N108="Incomplete","Incomplete",IF(COUNTBLANK(D108:N108)>=1,"Incomplete",D108*20%+SUM(E108:N108)*80%))))))
A109: Br: | B109: ='(3).Midterm Exam'!B109 -> 0 | D109: MIDTERM RESULTS
A110: Level: | B110: ='(3).Midterm Exam'!B110 -> 0 | D110: ='(3).Midterm Exam'!D111 -> FEBRUARY - JULY 2026
A111: Time: | B111: ='(3).Midterm Exam'!B111 -> 0 | D111: *** Midterm Results (Total Scores) = Midterm Daily (20%) + Midterm Exam (80%) ***
A112: Room: | B112: ='(3).Midterm Exam'!B112 -> 0 | D112: MIDTERM | E112: MIDTERM EXAM | O112: TOTAL
A113: Tr: | B113: ='(3).Midterm Exam'!B113 -> 0 | D113: DAILY | E113: =IF(OR($B110="K5",$B110="K6",$B110="K7",$B110="K8",$B110="K9",$B110="K10"),"Listening","Up-Low C") -> Up-Low C | F113: =IF(OR($B110="K5",$B110="K6",$B110="K7",$B110="K8",$B110="K9",$B110="K10"),"Speaking","Alphabet N") -> Alphabet N | G113: =IF(OR($B110="K5",$B110="K6",$B110="K7",$B110="K8",$B110="K9",$B110="K10"),"Reading","Alphabet S") -> Alphabet S | H113: =IF(OR($B110="K5",$B110="K6",$B110="K7",$B110="K8",$B110="K9",$B110="K10"),"Writing","Vocabulary") -> Vocabulary | I113: =IF(OR($B110="K5",$B110="K6",$B110="K7",$B110="K8",$B110="K9",$B110="K10"),"Grammar","Sprouts") -> Sprouts | J113: =IF(OR($B110="K5",$B110="K6",$B110="K7",$B110="K8",$B110="K9",$B110="K10"),"Vocabulary","Phonics") -> Phonics | K113: =IF(OR($B110="K5",$B110="K6",$B110="K7",$B110="K8",$B110="K9",$B110="K10"),"Roots","Math") -> Math | L113: =IF(OR($B110="K5",$B110="K6",$B110="K7",$B110="K8",$B110="K9",$B110="K10"),"Phonics","Shape") -> Shape | M113: =IF(OR($B110="K5",$B110="K6",$B110="K7",$B110="K8",$B110="K9",$B110="K10"),"Math","Science") -> Science | N113: =IF(OR($B110="K5",$B110="K6",$B110="K7",$B110="K8",$B110="K9",$B110="K10"),"Science","Tracing") -> Tracing | O113: SCORES
A114: NO | B114: NAME | C114: SEX | D114: 100 points | E114: 10 points | F114: 10 points | G114: 10 points | H114: 10 points | I114: 10 points | J114: 10 points | K114: 10 points | L114: 10 points | M114: 10 points | N114: 10 points | O114: 100 points
A115: 1 | B115: =IF('(3).Midterm Exam'!B115="","",'(3).Midterm Exam'!B115) | C115: =IF('(3).Midterm Exam'!C115="","",'(3).Midterm Exam'!C115) | D115: =IF('(2).Midterm Daily'!AH115="","",'(2).Midterm Daily'!AH115) | E115: =IF('(3).Midterm Exam'!D115="","",'(3).Midterm Exam'!D115) | F115: =IF('(3).Midterm Exam'!E115="","",'(3).Midterm Exam'!E115) | G115: =IF('(3).Midterm Exam'!F115="","",'(3).Midterm Exam'!F115) | H115: =IF('(3).Midterm Exam'!G115="","",'(3).Midterm Exam'!G115) | I115: =IF('(3).Midterm Exam'!H115="","",'(3).Midterm Exam'!H115) | J115: =IF('(3).Midterm Exam'!I115="","",'(3).Midterm Exam'!I115) | K115: =IF('(3).Midterm Exam'!J115="","",'(3).Midterm Exam'!J115) | L115: =IF('(3).Midterm Exam'!K115="","",'(3).Midterm Exam'!K115) | ... N115: =IF('(3).Midterm Exam'!M115="","",'(3).Midterm Exam'!M115) | O115: =IF(B115="","",IF(D115="Incomplete","Incomplete",IF('(3).Midterm Exam'!N115="Change","Change",IF('(3).Midterm Exam'!N115="Stop","Stop",IF('(3).Midterm Exam'!N115="Incomplete","Incomplete",IF(COUNTBLANK(D115:N115)>=1,"Incomplete",D115*20%+SUM(E115:N115)*80%))))))
A116: 2 | B116: =IF('(3).Midterm Exam'!B116="","",'(3).Midterm Exam'!B116) | C116: =IF('(3).Midterm Exam'!C116="","",'(3).Midterm Exam'!C116) | D116: =IF('(2).Midterm Daily'!AH116="","",'(2).Midterm Daily'!AH116) | E116: =IF('(3).Midterm Exam'!D116="","",'(3).Midterm Exam'!D116) | F116: =IF('(3).Midterm Exam'!E116="","",'(3).Midterm Exam'!E116) | G116: =IF('(3).Midterm Exam'!F116="","",'(3).Midterm Exam'!F116) | H116: =IF('(3).Midterm Exam'!G116="","",'(3).Midterm Exam'!G116) | I116: =IF('(3).Midterm Exam'!H116="","",'(3).Midterm Exam'!H116) | J116: =IF('(3).Midterm Exam'!I116="","",'(3).Midterm Exam'!I116) | K116: =IF('(3).Midterm Exam'!J116="","",'(3).Midterm Exam'!J116) | L116: =IF('(3).Midterm Exam'!K116="","",'(3).Midterm Exam'!K116) | ... N116: =IF('(3).Midterm Exam'!M116="","",'(3).Midterm Exam'!M116) | O116: =IF(B116="","",IF(D116="Incomplete","Incomplete",IF('(3).Midterm Exam'!N116="Change","Change",IF('(3).Midterm Exam'!N116="Stop","Stop",IF('(3).Midterm Exam'!N116="Incomplete","Incomplete",IF(COUNTBLANK(D116:N116)>=1,"Incomplete",D116*20%+SUM(E116:N116)*80%))))))
A117: 3 | B117: =IF('(3).Midterm Exam'!B117="","",'(3).Midterm Exam'!B117) | C117: =IF('(3).Midterm Exam'!C117="","",'(3).Midterm Exam'!C117) | D117: =IF('(2).Midterm Daily'!AH117="","",'(2).Midterm Daily'!AH117) | E117: =IF('(3).Midterm Exam'!D117="","",'(3).Midterm Exam'!D117) | F117: =IF('(3).Midterm Exam'!E117="","",'(3).Midterm Exam'!E117) | G117: =IF('(3).Midterm Exam'!F117="","",'(3).Midterm Exam'!F117) | H117: =IF('(3).Midterm Exam'!G117="","",'(3).Midterm Exam'!G117) | I117: =IF('(3).Midterm Exam'!H117="","",'(3).Midterm Exam'!H117) | J117: =IF('(3).Midterm Exam'!I117="","",'(3).Midterm Exam'!I117) | K117: =IF('(3).Midterm Exam'!J117="","",'(3).Midterm Exam'!J117) | L117: =IF('(3).Midterm Exam'!K117="","",'(3).Midterm Exam'!K117) | ... N117: =IF('(3).Midterm Exam'!M117="","",'(3).Midterm Exam'!M117) | O117: =IF(B117="","",IF(D117="Incomplete","Incomplete",IF('(3).Midterm Exam'!N117="Change","Change",IF('(3).Midterm Exam'!N117="Stop","Stop",IF('(3).Midterm Exam'!N117="Incomplete","Incomplete",IF(COUNTBLANK(D117:N117)>=1,"Incomplete",D117*20%+SUM(E117:N117)*80%))))))
A118: 4 | B118: =IF('(3).Midterm Exam'!B118="","",'(3).Midterm Exam'!B118) | C118: =IF('(3).Midterm Exam'!C118="","",'(3).Midterm Exam'!C118) | D118: =IF('(2).Midterm Daily'!AH118="","",'(2).Midterm Daily'!AH118) | E118: =IF('(3).Midterm Exam'!D118="","",'(3).Midterm Exam'!D118) | F118: =IF('(3).Midterm Exam'!E118="","",'(3).Midterm Exam'!E118) | G118: =IF('(3).Midterm Exam'!F118="","",'(3).Midterm Exam'!F118) | H118: =IF('(3).Midterm Exam'!G118="","",'(3).Midterm Exam'!G118) | I118: =IF('(3).Midterm Exam'!H118="","",'(3).Midterm Exam'!H118) | J118: =IF('(3).Midterm Exam'!I118="","",'(3).Midterm Exam'!I118) | K118: =IF('(3).Midterm Exam'!J118="","",'(3).Midterm Exam'!J118) | L118: =IF('(3).Midterm Exam'!K118="","",'(3).Midterm Exam'!K118) | ... N118: =IF('(3).Midterm Exam'!M118="","",'(3).Midterm Exam'!M118) | O118: =IF(B118="","",IF(D118="Incomplete","Incomplete",IF('(3).Midterm Exam'!N118="Change","Change",IF('(3).Midterm Exam'!N118="Stop","Stop",IF('(3).Midterm Exam'!N118="Incomplete","Incomplete",IF(COUNTBLANK(D118:N118)>=1,"Incomplete",D118*20%+SUM(E118:N118)*80%))))))
A119: 5 | B119: =IF('(3).Midterm Exam'!B119="","",'(3).Midterm Exam'!B119) | C119: =IF('(3).Midterm Exam'!C119="","",'(3).Midterm Exam'!C119) | D119: =IF('(2).Midterm Daily'!AH119="","",'(2).Midterm Daily'!AH119) | E119: =IF('(3).Midterm Exam'!D119="","",'(3).Midterm Exam'!D119) | F119: =IF('(3).Midterm Exam'!E119="","",'(3).Midterm Exam'!E119) | G119: =IF('(3).Midterm Exam'!F119="","",'(3).Midterm Exam'!F119) | H119: =IF('(3).Midterm Exam'!G119="","",'(3).Midterm Exam'!G119) | I119: =IF('(3).Midterm Exam'!H119="","",'(3).Midterm Exam'!H119) | J119: =IF('(3).Midterm Exam'!I119="","",'(3).Midterm Exam'!I119) | K119: =IF('(3).Midterm Exam'!J119="","",'(3).Midterm Exam'!J119) | L119: =IF('(3).Midterm Exam'!K119="","",'(3).Midterm Exam'!K119) | ... N119: =IF('(3).Midterm Exam'!M119="","",'(3).Midterm Exam'!M119) | O119: =IF(B119="","",IF(D119="Incomplete","Incomplete",IF('(3).Midterm Exam'!N119="Change","Change",IF('(3).Midterm Exam'!N119="Stop","Stop",IF('(3).Midterm Exam'!N119="Incomplete","Incomplete",IF(COUNTBLANK(D119:N119)>=1,"Incomplete",D119*20%+SUM(E119:N119)*80%))))))
A120: 6 | B120: =IF('(3).Midterm Exam'!B120="","",'(3).Midterm Exam'!B120) | C120: =IF('(3).Midterm Exam'!C120="","",'(3).Midterm Exam'!C120) | D120: =IF('(2).Midterm Daily'!AH120="","",'(2).Midterm Daily'!AH120) | E120: =IF('(3).Midterm Exam'!D120="","",'(3).Midterm Exam'!D120) | F120: =IF('(3).Midterm Exam'!E120="","",'(3).Midterm Exam'!E120) | G120: =IF('(3).Midterm Exam'!F120="","",'(3).Midterm Exam'!F120) | H120: =IF('(3).Midterm Exam'!G120="","",'(3).Midterm Exam'!G120) | I120: =IF('(3).Midterm Exam'!H120="","",'(3).Midterm Exam'!H120) | J120: =IF('(3).Midterm Exam'!I120="","",'(3).Midterm Exam'!I120) | K120: =IF('(3).Midterm Exam'!J120="","",'(3).Midterm Exam'!J120) | L120: =IF('(3).Midterm Exam'!K120="","",'(3).Midterm Exam'!K120) | ... N120: =IF('(3).Midterm Exam'!M120="","",'(3).Midterm Exam'!M120) | O120: =IF(B120="","",IF(D120="Incomplete","Incomplete",IF('(3).Midterm Exam'!N120="Change","Change",IF('(3).Midterm Exam'!N120="Stop","Stop",IF('(3).Midterm Exam'!N120="Incomplete","Incomplete",IF(COUNTBLANK(D120:N120)>=1,"Incomplete",D120*20%+SUM(E120:N120)*80%))))))
A121: 7 | B121: =IF('(3).Midterm Exam'!B121="","",'(3).Midterm Exam'!B121) | C121: =IF('(3).Midterm Exam'!C121="","",'(3).Midterm Exam'!C121) | D121: =IF('(2).Midterm Daily'!AH121="","",'(2).Midterm Daily'!AH121) | E121: =IF('(3).Midterm Exam'!D121="","",'(3).Midterm Exam'!D121) | F121: =IF('(3).Midterm Exam'!E121="","",'(3).Midterm Exam'!E121) | G121: =IF('(3).Midterm Exam'!F121="","",'(3).Midterm Exam'!F121) | H121: =IF('(3).Midterm Exam'!G121="","",'(3).Midterm Exam'!G121) | I121: =IF('(3).Midterm Exam'!H121="","",'(3).Midterm Exam'!H121) | J121: =IF('(3).Midterm Exam'!I121="","",'(3).Midterm Exam'!I121) | K121: =IF('(3).Midterm Exam'!J121="","",'(3).Midterm Exam'!J121) | L121: =IF('(3).Midterm Exam'!K121="","",'(3).Midterm Exam'!K121) | ... N121: =IF('(3).Midterm Exam'!M121="","",'(3).Midterm Exam'!M121) | O121: =IF(B121="","",IF(D121="Incomplete","Incomplete",IF('(3).Midterm Exam'!N121="Change","Change",IF('(3).Midterm Exam'!N121="Stop","Stop",IF('(3).Midterm Exam'!N121="Incomplete","Incomplete",IF(COUNTBLANK(D121:N121)>=1,"Incomplete",D121*20%+SUM(E121:N121)*80%))))))
A122: 8 | B122: =IF('(3).Midterm Exam'!B122="","",'(3).Midterm Exam'!B122) | C122: =IF('(3).Midterm Exam'!C122="","",'(3).Midterm Exam'!C122) | D122: =IF('(2).Midterm Daily'!AH122="","",'(2).Midterm Daily'!AH122) | E122: =IF('(3).Midterm Exam'!D122="","",'(3).Midterm Exam'!D122) | F122: =IF('(3).Midterm Exam'!E122="","",'(3).Midterm Exam'!E122) | G122: =IF('(3).Midterm Exam'!F122="","",'(3).Midterm Exam'!F122) | H122: =IF('(3).Midterm Exam'!G122="","",'(3).Midterm Exam'!G122) | I122: =IF('(3).Midterm Exam'!H122="","",'(3).Midterm Exam'!H122) | J122: =IF('(3).Midterm Exam'!I122="","",'(3).Midterm Exam'!I122) | K122: =IF('(3).Midterm Exam'!J122="","",'(3).Midterm Exam'!J122) | L122: =IF('(3).Midterm Exam'!K122="","",'(3).Midterm Exam'!K122) | ... N122: =IF('(3).Midterm Exam'!M122="","",'(3).Midterm Exam'!M122) | O122: =IF(B122="","",IF(D122="Incomplete","Incomplete",IF('(3).Midterm Exam'!N122="Change","Change",IF('(3).Midterm Exam'!N122="Stop","Stop",IF('(3).Midterm Exam'!N122="Incomplete","Incomplete",IF(COUNTBLANK(D122:N122)>=1,"Incomplete",D122*20%+SUM(E122:N122)*80%))))))
A123: 9 | B123: =IF('(3).Midterm Exam'!B123="","",'(3).Midterm Exam'!B123) | C123: =IF('(3).Midterm Exam'!C123="","",'(3).Midterm Exam'!C123) | D123: =IF('(2).Midterm Daily'!AH123="","",'(2).Midterm Daily'!AH123) | E123: =IF('(3).Midterm Exam'!D123="","",'(3).Midterm Exam'!D123) | F123: =IF('(3).Midterm Exam'!E123="","",'(3).Midterm Exam'!E123) | G123: =IF('(3).Midterm Exam'!F123="","",'(3).Midterm Exam'!F123) | H123: =IF('(3).Midterm Exam'!G123="","",'(3).Midterm Exam'!G123) | I123: =IF('(3).Midterm Exam'!H123="","",'(3).Midterm Exam'!H123) | J123: =IF('(3).Midterm Exam'!I123="","",'(3).Midterm Exam'!I123) | K123: =IF('(3).Midterm Exam'!J123="","",'(3).Midterm Exam'!J123) | L123: =IF('(3).Midterm Exam'!K123="","",'(3).Midterm Exam'!K123) | ... N123: =IF('(3).Midterm Exam'!M123="","",'(3).Midterm Exam'!M123) | O123: =IF(B123="","",IF(D123="Incomplete","Incomplete",IF('(3).Midterm Exam'!N123="Change","Change",IF('(3).Midterm Exam'!N123="Stop","Stop",IF('(3).Midterm Exam'!N123="Incomplete","Incomplete",IF(COUNTBLANK(D123:N123)>=1,"Incomplete",D123*20%+SUM(E123:N123)*80%))))))
A124: 10 | B124: =IF('(3).Midterm Exam'!B124="","",'(3).Midterm Exam'!B124) | C124: =IF('(3).Midterm Exam'!C124="","",'(3).Midterm Exam'!C124) | D124: =IF('(2).Midterm Daily'!AH124="","",'(2).Midterm Daily'!AH124) | E124: =IF('(3).Midterm Exam'!D124="","",'(3).Midterm Exam'!D124) | F124: =IF('(3).Midterm Exam'!E124="","",'(3).Midterm Exam'!E124) | G124: =IF('(3).Midterm Exam'!F124="","",'(3).Midterm Exam'!F124) | H124: =IF('(3).Midterm Exam'!G124="","",'(3).Midterm Exam'!G124) | I124: =IF('(3).Midterm Exam'!H124="","",'(3).Midterm Exam'!H124) | J124: =IF('(3).Midterm Exam'!I124="","",'(3).Midterm Exam'!I124) | K124: =IF('(3).Midterm Exam'!J124="","",'(3).Midterm Exam'!J124) | L124: =IF('(3).Midterm Exam'!K124="","",'(3).Midterm Exam'!K124) | ... N124: =IF('(3).Midterm Exam'!M124="","",'(3).Midterm Exam'!M124) | O124: =IF(B124="","",IF(D124="Incomplete","Incomplete",IF('(3).Midterm Exam'!N124="Change","Change",IF('(3).Midterm Exam'!N124="Stop","Stop",IF('(3).Midterm Exam'!N124="Incomplete","Incomplete",IF(COUNTBLANK(D124:N124)>=1,"Incomplete",D124*20%+SUM(E124:N124)*80%))))))
A125: 11 | B125: =IF('(3).Midterm Exam'!B125="","",'(3).Midterm Exam'!B125) | C125: =IF('(3).Midterm Exam'!C125="","",'(3).Midterm Exam'!C125) | D125: =IF('(2).Midterm Daily'!AH125="","",'(2).Midterm Daily'!AH125) | E125: =IF('(3).Midterm Exam'!D125="","",'(3).Midterm Exam'!D125) | F125: =IF('(3).Midterm Exam'!E125="","",'(3).Midterm Exam'!E125) | G125: =IF('(3).Midterm Exam'!F125="","",'(3).Midterm Exam'!F125) | H125: =IF('(3).Midterm Exam'!G125="","",'(3).Midterm Exam'!G125) | I125: =IF('(3).Midterm Exam'!H125="","",'(3).Midterm Exam'!H125) | J125: =IF('(3).Midterm Exam'!I125="","",'(3).Midterm Exam'!I125) | K125: =IF('(3).Midterm Exam'!J125="","",'(3).Midterm Exam'!J125) | L125: =IF('(3).Midterm Exam'!K125="","",'(3).Midterm Exam'!K125) | ... N125: =IF('(3).Midterm Exam'!M125="","",'(3).Midterm Exam'!M125) | O125: =IF(B125="","",IF(D125="Incomplete","Incomplete",IF('(3).Midterm Exam'!N125="Change","Change",IF('(3).Midterm Exam'!N125="Stop","Stop",IF('(3).Midterm Exam'!N125="Incomplete","Incomplete",IF(COUNTBLANK(D125:N125)>=1,"Incomplete",D125*20%+SUM(E125:N125)*80%))))))
A126: 12 | B126: =IF('(3).Midterm Exam'!B126="","",'(3).Midterm Exam'!B126) | C126: =IF('(3).Midterm Exam'!C126="","",'(3).Midterm Exam'!C126) | D126: =IF('(2).Midterm Daily'!AH126="","",'(2).Midterm Daily'!AH126) | E126: =IF('(3).Midterm Exam'!D126="","",'(3).Midterm Exam'!D126) | F126: =IF('(3).Midterm Exam'!E126="","",'(3).Midterm Exam'!E126) | G126: =IF('(3).Midterm Exam'!F126="","",'(3).Midterm Exam'!F126) | H126: =IF('(3).Midterm Exam'!G126="","",'(3).Midterm Exam'!G126) | I126: =IF('(3).Midterm Exam'!H126="","",'(3).Midterm Exam'!H126) | J126: =IF('(3).Midterm Exam'!I126="","",'(3).Midterm Exam'!I126) | K126: =IF('(3).Midterm Exam'!J126="","",'(3).Midterm Exam'!J126) | L126: =IF('(3).Midterm Exam'!K126="","",'(3).Midterm Exam'!K126) | ... N126: =IF('(3).Midterm Exam'!M126="","",'(3).Midterm Exam'!M126) | O126: =IF(B126="","",IF(D126="Incomplete","Incomplete",IF('(3).Midterm Exam'!N126="Change","Change",IF('(3).Midterm Exam'!N126="Stop","Stop",IF('(3).Midterm Exam'!N126="Incomplete","Incomplete",IF(COUNTBLANK(D126:N126)>=1,"Incomplete",D126*20%+SUM(E126:N126)*80%))))))
... A144: 30 | B144: =IF('(3).Midterm Exam'!B144="","",'(3).Midterm Exam'!B144) | C144: =IF('(3).Midterm Exam'!C144="","",'(3).Midterm Exam'!C144) | D144: =IF('(2).Midterm Daily'!AH144="","",'(2).Midterm Daily'!AH144) | E144: =IF('(3).Midterm Exam'!D144="","",'(3).Midterm Exam'!D144) | F144: =IF('(3).Midterm Exam'!E144="","",'(3).Midterm Exam'!E144) | G144: =IF('(3).Midterm Exam'!F144="","",'(3).Midterm Exam'!F144) | H144: =IF('(3).Midterm Exam'!G144="","",'(3).Midterm Exam'!G144) | I144: =IF('(3).Midterm Exam'!H144="","",'(3).Midterm Exam'!H144) | J144: =IF('(3).Midterm Exam'!I144="","",'(3).Midterm Exam'!I144) | K144: =IF('(3).Midterm Exam'!J144="","",'(3).Midterm Exam'!J144) | L144: =IF('(3).Midterm Exam'!K144="","",'(3).Midterm Exam'!K144) | ... N144: =IF('(3).Midterm Exam'!M144="","",'(3).Midterm Exam'!M144) | O144: =IF(B144="","",IF(D144="Incomplete","Incomplete",IF('(3).Midterm Exam'!N144="Change","Change",IF('(3).Midterm Exam'!N144="Stop","Stop",IF('(3).Midterm Exam'!N144="Incomplete","Incomplete",IF(COUNTBLANK(D144:N144)>=1,"Incomplete",D144*20%+SUM(E144:N144)*80%))))))
A145: Br: | B145: ='(3).Midterm Exam'!B145 -> 0 | D145: MIDTERM RESULTS
A146: Level: | B146: ='(3).Midterm Exam'!B146 -> 0 | D146: ='(3).Midterm Exam'!D147 -> FEBRUARY - JULY 2026
A147: Time: | B147: ='(3).Midterm Exam'!B147 -> 0 | D147: *** Midterm Results (Total Scores) = Midterm Daily (20%) + Midterm Exam (80%) ***
A148: Room: | B148: ='(3).Midterm Exam'!B148 -> 0 | D148: MIDTERM | E148: MIDTERM EXAM | O148: TOTAL
A149: Tr: | B149: ='(3).Midterm Exam'!B149 -> 0 | D149: DAILY | E149: =IF(OR($B146="K5",$B146="K6",$B146="K7",$B146="K8",$B146="K9",$B146="K10"),"Listening","Up-Low C") -> Up-Low C | F149: =IF(OR($B146="K5",$B146="K6",$B146="K7",$B146="K8",$B146="K9",$B146="K10"),"Speaking","Alphabet N") -> Alphabet N | G149: =IF(OR($B146="K5",$B146="K6",$B146="K7",$B146="K8",$B146="K9",$B146="K10"),"Reading","Alphabet S") -> Alphabet S | H149: =IF(OR($B146="K5",$B146="K6",$B146="K7",$B146="K8",$B146="K9",$B146="K10"),"Writing","Vocabulary") -> Vocabulary | I149: =IF(OR($B146="K5",$B146="K6",$B146="K7",$B146="K8",$B146="K9",$B146="K10"),"Grammar","Sprouts") -> Sprouts | J149: =IF(OR($B146="K5",$B146="K6",$B146="K7",$B146="K8",$B146="K9",$B146="K10"),"Vocabulary","Phonics") -> Phonics | K149: =IF(OR($B146="K5",$B146="K6",$B146="K7",$B146="K8",$B146="K9",$B146="K10"),"Roots","Math") -> Math | L149: =IF(OR($B146="K5",$B146="K6",$B146="K7",$B146="K8",$B146="K9",$B146="K10"),"Phonics","Shape") -> Shape | M149: =IF(OR($B146="K5",$B146="K6",$B146="K7",$B146="K8",$B146="K9",$B146="K10"),"Math","Science") -> Science | N149: =IF(OR($B146="K5",$B146="K6",$B146="K7",$B146="K8",$B146="K9",$B146="K10"),"Science","Tracing") -> Tracing | O149: SCORES
A150: NO | B150: NAME | C150: SEX | D150: 100 points | E150: 10 points | F150: 10 points | G150: 10 points | H150: 10 points | I150: 10 points | J150: 10 points | K150: 10 points | L150: 10 points | M150: 10 points | N150: 10 points | O150: 100 points
A151: 1 | B151: =IF('(3).Midterm Exam'!B151="","",'(3).Midterm Exam'!B151) | C151: =IF('(3).Midterm Exam'!C151="","",'(3).Midterm Exam'!C151) | D151: =IF('(2).Midterm Daily'!AH151="","",'(2).Midterm Daily'!AH151) | E151: =IF('(3).Midterm Exam'!D151="","",'(3).Midterm Exam'!D151) | F151: =IF('(3).Midterm Exam'!E151="","",'(3).Midterm Exam'!E151) | G151: =IF('(3).Midterm Exam'!F151="","",'(3).Midterm Exam'!F151) | H151: =IF('(3).Midterm Exam'!G151="","",'(3).Midterm Exam'!G151) | I151: =IF('(3).Midterm Exam'!H151="","",'(3).Midterm Exam'!H151) | J151: =IF('(3).Midterm Exam'!I151="","",'(3).Midterm Exam'!I151) | K151: =IF('(3).Midterm Exam'!J151="","",'(3).Midterm Exam'!J151) | L151: =IF('(3).Midterm Exam'!K151="","",'(3).Midterm Exam'!K151) | ... N151: =IF('(3).Midterm Exam'!M151="","",'(3).Midterm Exam'!M151) | O151: =IF(B151="","",IF(D151="Incomplete","Incomplete",IF('(3).Midterm Exam'!N151="Change","Change",IF('(3).Midterm Exam'!N151="Stop","Stop",IF('(3).Midterm Exam'!N151="Incomplete","Incomplete",IF(COUNTBLANK(D151:N151)>=1,"Incomplete",D151*20%+SUM(E151:N151)*80%))))))
A152: 2 | B152: =IF('(3).Midterm Exam'!B152="","",'(3).Midterm Exam'!B152) | C152: =IF('(3).Midterm Exam'!C152="","",'(3).Midterm Exam'!C152) | D152: =IF('(2).Midterm Daily'!AH152="","",'(2).Midterm Daily'!AH152) | E152: =IF('(3).Midterm Exam'!D152="","",'(3).Midterm Exam'!D152) | F152: =IF('(3).Midterm Exam'!E152="","",'(3).Midterm Exam'!E152) | G152: =IF('(3).Midterm Exam'!F152="","",'(3).Midterm Exam'!F152) | H152: =IF('(3).Midterm Exam'!G152="","",'(3).Midterm Exam'!G152) | I152: =IF('(3).Midterm Exam'!H152="","",'(3).Midterm Exam'!H152) | J152: =IF('(3).Midterm Exam'!I152="","",'(3).Midterm Exam'!I152) | K152: =IF('(3).Midterm Exam'!J152="","",'(3).Midterm Exam'!J152) | L152: =IF('(3).Midterm Exam'!K152="","",'(3).Midterm Exam'!K152) | ... N152: =IF('(3).Midterm Exam'!M152="","",'(3).Midterm Exam'!M152) | O152: =IF(B152="","",IF(D152="Incomplete","Incomplete",IF('(3).Midterm Exam'!N152="Change","Change",IF('(3).Midterm Exam'!N152="Stop","Stop",IF('(3).Midterm Exam'!N152="Incomplete","Incomplete",IF(COUNTBLANK(D152:N152)>=1,"Incomplete",D152*20%+SUM(E152:N152)*80%))))))
A153: 3 | B153: =IF('(3).Midterm Exam'!B153="","",'(3).Midterm Exam'!B153) | C153: =IF('(3).Midterm Exam'!C153="","",'(3).Midterm Exam'!C153) | D153: =IF('(2).Midterm Daily'!AH153="","",'(2).Midterm Daily'!AH153) | E153: =IF('(3).Midterm Exam'!D153="","",'(3).Midterm Exam'!D153) | F153: =IF('(3).Midterm Exam'!E153="","",'(3).Midterm Exam'!E153) | G153: =IF('(3).Midterm Exam'!F153="","",'(3).Midterm Exam'!F153) | H153: =IF('(3).Midterm Exam'!G153="","",'(3).Midterm Exam'!G153) | I153: =IF('(3).Midterm Exam'!H153="","",'(3).Midterm Exam'!H153) | J153: =IF('(3).Midterm Exam'!I153="","",'(3).Midterm Exam'!I153) | K153: =IF('(3).Midterm Exam'!J153="","",'(3).Midterm Exam'!J153) | L153: =IF('(3).Midterm Exam'!K153="","",'(3).Midterm Exam'!K153) | ... N153: =IF('(3).Midterm Exam'!M153="","",'(3).Midterm Exam'!M153) | O153: =IF(B153="","",IF(D153="Incomplete","Incomplete",IF('(3).Midterm Exam'!N153="Change","Change",IF('(3).Midterm Exam'!N153="Stop","Stop",IF('(3).Midterm Exam'!N153="Incomplete","Incomplete",IF(COUNTBLANK(D153:N153)>=1,"Incomplete",D153*20%+SUM(E153:N153)*80%))))))
A154: 4 | B154: =IF('(3).Midterm Exam'!B154="","",'(3).Midterm Exam'!B154) | C154: =IF('(3).Midterm Exam'!C154="","",'(3).Midterm Exam'!C154) | D154: =IF('(2).Midterm Daily'!AH154="","",'(2).Midterm Daily'!AH154) | E154: =IF('(3).Midterm Exam'!D154="","",'(3).Midterm Exam'!D154) | F154: =IF('(3).Midterm Exam'!E154="","",'(3).Midterm Exam'!E154) | G154: =IF('(3).Midterm Exam'!F154="","",'(3).Midterm Exam'!F154) | H154: =IF('(3).Midterm Exam'!G154="","",'(3).Midterm Exam'!G154) | I154: =IF('(3).Midterm Exam'!H154="","",'(3).Midterm Exam'!H154) | J154: =IF('(3).Midterm Exam'!I154="","",'(3).Midterm Exam'!I154) | K154: =IF('(3).Midterm Exam'!J154="","",'(3).Midterm Exam'!J154) | L154: =IF('(3).Midterm Exam'!K154="","",'(3).Midterm Exam'!K154) | ... N154: =IF('(3).Midterm Exam'!M154="","",'(3).Midterm Exam'!M154) | O154: =IF(B154="","",IF(D154="Incomplete","Incomplete",IF('(3).Midterm Exam'!N154="Change","Change",IF('(3).Midterm Exam'!N154="Stop","Stop",IF('(3).Midterm Exam'!N154="Incomplete","Incomplete",IF(COUNTBLANK(D154:N154)>=1,"Incomplete",D154*20%+SUM(E154:N154)*80%))))))
A155: 5 | B155: =IF('(3).Midterm Exam'!B155="","",'(3).Midterm Exam'!B155) | C155: =IF('(3).Midterm Exam'!C155="","",'(3).Midterm Exam'!C155) | D155: =IF('(2).Midterm Daily'!AH155="","",'(2).Midterm Daily'!AH155) | E155: =IF('(3).Midterm Exam'!D155="","",'(3).Midterm Exam'!D155) | F155: =IF('(3).Midterm Exam'!E155="","",'(3).Midterm Exam'!E155) | G155: =IF('(3).Midterm Exam'!F155="","",'(3).Midterm Exam'!F155) | H155: =IF('(3).Midterm Exam'!G155="","",'(3).Midterm Exam'!G155) | I155: =IF('(3).Midterm Exam'!H155="","",'(3).Midterm Exam'!H155) | J155: =IF('(3).Midterm Exam'!I155="","",'(3).Midterm Exam'!I155) | K155: =IF('(3).Midterm Exam'!J155="","",'(3).Midterm Exam'!J155) | L155: =IF('(3).Midterm Exam'!K155="","",'(3).Midterm Exam'!K155) | ... N155: =IF('(3).Midterm Exam'!M155="","",'(3).Midterm Exam'!M155) | O155: =IF(B155="","",IF(D155="Incomplete","Incomplete",IF('(3).Midterm Exam'!N155="Change","Change",IF('(3).Midterm Exam'!N155="Stop","Stop",IF('(3).Midterm Exam'!N155="Incomplete","Incomplete",IF(COUNTBLANK(D155:N155)>=1,"Incomplete",D155*20%+SUM(E155:N155)*80%))))))
A156: 6 | B156: =IF('(3).Midterm Exam'!B156="","",'(3).Midterm Exam'!B156) | C156: =IF('(3).Midterm Exam'!C156="","",'(3).Midterm Exam'!C156) | D156: =IF('(2).Midterm Daily'!AH156="","",'(2).Midterm Daily'!AH156) | E156: =IF('(3).Midterm Exam'!D156="","",'(3).Midterm Exam'!D156) | F156: =IF('(3).Midterm Exam'!E156="","",'(3).Midterm Exam'!E156) | G156: =IF('(3).Midterm Exam'!F156="","",'(3).Midterm Exam'!F156) | H156: =IF('(3).Midterm Exam'!G156="","",'(3).Midterm Exam'!G156) | I156: =IF('(3).Midterm Exam'!H156="","",'(3).Midterm Exam'!H156) | J156: =IF('(3).Midterm Exam'!I156="","",'(3).Midterm Exam'!I156) | K156: =IF('(3).Midterm Exam'!J156="","",'(3).Midterm Exam'!J156) | L156: =IF('(3).Midterm Exam'!K156="","",'(3).Midterm Exam'!K156) | ... N156: =IF('(3).Midterm Exam'!M156="","",'(3).Midterm Exam'!M156) | O156: =IF(B156="","",IF(D156="Incomplete","Incomplete",IF('(3).Midterm Exam'!N156="Change","Change",IF('(3).Midterm Exam'!N156="Stop","Stop",IF('(3).Midterm Exam'!N156="Incomplete","Incomplete",IF(COUNTBLANK(D156:N156)>=1,"Incomplete",D156*20%+SUM(E156:N156)*80%))))))
A157: 7 | B157: =IF('(3).Midterm Exam'!B157="","",'(3).Midterm Exam'!B157) | C157: =IF('(3).Midterm Exam'!C157="","",'(3).Midterm Exam'!C157) | D157: =IF('(2).Midterm Daily'!AH157="","",'(2).Midterm Daily'!AH157) | E157: =IF('(3).Midterm Exam'!D157="","",'(3).Midterm Exam'!D157) | F157: =IF('(3).Midterm Exam'!E157="","",'(3).Midterm Exam'!E157) | G157: =IF('(3).Midterm Exam'!F157="","",'(3).Midterm Exam'!F157) | H157: =IF('(3).Midterm Exam'!G157="","",'(3).Midterm Exam'!G157) | I157: =IF('(3).Midterm Exam'!H157="","",'(3).Midterm Exam'!H157) | J157: =IF('(3).Midterm Exam'!I157="","",'(3).Midterm Exam'!I157) | K157: =IF('(3).Midterm Exam'!J157="","",'(3).Midterm Exam'!J157) | L157: =IF('(3).Midterm Exam'!K157="","",'(3).Midterm Exam'!K157) | ... N157: =IF('(3).Midterm Exam'!M157="","",'(3).Midterm Exam'!M157) | O157: =IF(B157="","",IF(D157="Incomplete","Incomplete",IF('(3).Midterm Exam'!N157="Change","Change",IF('(3).Midterm Exam'!N157="Stop","Stop",IF('(3).Midterm Exam'!N157="Incomplete","Incomplete",IF(COUNTBLANK(D157:N157)>=1,"Incomplete",D157*20%+SUM(E157:N157)*80%))))))
A158: 8 | B158: =IF('(3).Midterm Exam'!B158="","",'(3).Midterm Exam'!B158) | C158: =IF('(3).Midterm Exam'!C158="","",'(3).Midterm Exam'!C158) | D158: =IF('(2).Midterm Daily'!AH158="","",'(2).Midterm Daily'!AH158) | E158: =IF('(3).Midterm Exam'!D158="","",'(3).Midterm Exam'!D158) | F158: =IF('(3).Midterm Exam'!E158="","",'(3).Midterm Exam'!E158) | G158: =IF('(3).Midterm Exam'!F158="","",'(3).Midterm Exam'!F158) | H158: =IF('(3).Midterm Exam'!G158="","",'(3).Midterm Exam'!G158) | I158: =IF('(3).Midterm Exam'!H158="","",'(3).Midterm Exam'!H158) | J158: =IF('(3).Midterm Exam'!I158="","",'(3).Midterm Exam'!I158) | K158: =IF('(3).Midterm Exam'!J158="","",'(3).Midterm Exam'!J158) | L158: =IF('(3).Midterm Exam'!K158="","",'(3).Midterm Exam'!K158) | ... N158: =IF('(3).Midterm Exam'!M158="","",'(3).Midterm Exam'!M158) | O158: =IF(B158="","",IF(D158="Incomplete","Incomplete",IF('(3).Midterm Exam'!N158="Change","Change",IF('(3).Midterm Exam'!N158="Stop","Stop",IF('(3).Midterm Exam'!N158="Incomplete","Incomplete",IF(COUNTBLANK(D158:N158)>=1,"Incomplete",D158*20%+SUM(E158:N158)*80%))))))
A159: 9 | B159: =IF('(3).Midterm Exam'!B159="","",'(3).Midterm Exam'!B159) | C159: =IF('(3).Midterm Exam'!C159="","",'(3).Midterm Exam'!C159) | D159: =IF('(2).Midterm Daily'!AH159="","",'(2).Midterm Daily'!AH159) | E159: =IF('(3).Midterm Exam'!D159="","",'(3).Midterm Exam'!D159) | F159: =IF('(3).Midterm Exam'!E159="","",'(3).Midterm Exam'!E159) | G159: =IF('(3).Midterm Exam'!F159="","",'(3).Midterm Exam'!F159) | H159: =IF('(3).Midterm Exam'!G159="","",'(3).Midterm Exam'!G159) | I159: =IF('(3).Midterm Exam'!H159="","",'(3).Midterm Exam'!H159) | J159: =IF('(3).Midterm Exam'!I159="","",'(3).Midterm Exam'!I159) | K159: =IF('(3).Midterm Exam'!J159="","",'(3).Midterm Exam'!J159) | L159: =IF('(3).Midterm Exam'!K159="","",'(3).Midterm Exam'!K159) | ... N159: =IF('(3).Midterm Exam'!M159="","",'(3).Midterm Exam'!M159) | O159: =IF(B159="","",IF(D159="Incomplete","Incomplete",IF('(3).Midterm Exam'!N159="Change","Change",IF('(3).Midterm Exam'!N159="Stop","Stop",IF('(3).Midterm Exam'!N159="Incomplete","Incomplete",IF(COUNTBLANK(D159:N159)>=1,"Incomplete",D159*20%+SUM(E159:N159)*80%))))))
A160: 10 | B160: =IF('(3).Midterm Exam'!B160="","",'(3).Midterm Exam'!B160) | C160: =IF('(3).Midterm Exam'!C160="","",'(3).Midterm Exam'!C160) | D160: =IF('(2).Midterm Daily'!AH160="","",'(2).Midterm Daily'!AH160) | E160: =IF('(3).Midterm Exam'!D160="","",'(3).Midterm Exam'!D160) | F160: =IF('(3).Midterm Exam'!E160="","",'(3).Midterm Exam'!E160) | G160: =IF('(3).Midterm Exam'!F160="","",'(3).Midterm Exam'!F160) | H160: =IF('(3).Midterm Exam'!G160="","",'(3).Midterm Exam'!G160) | I160: =IF('(3).Midterm Exam'!H160="","",'(3).Midterm Exam'!H160) | J160: =IF('(3).Midterm Exam'!I160="","",'(3).Midterm Exam'!I160) | K160: =IF('(3).Midterm Exam'!J160="","",'(3).Midterm Exam'!J160) | L160: =IF('(3).Midterm Exam'!K160="","",'(3).Midterm Exam'!K160) | ... N160: =IF('(3).Midterm Exam'!M160="","",'(3).Midterm Exam'!M160) | O160: =IF(B160="","",IF(D160="Incomplete","Incomplete",IF('(3).Midterm Exam'!N160="Change","Change",IF('(3).Midterm Exam'!N160="Stop","Stop",IF('(3).Midterm Exam'!N160="Incomplete","Incomplete",IF(COUNTBLANK(D160:N160)>=1,"Incomplete",D160*20%+SUM(E160:N160)*80%))))))
A161: 11 | B161: =IF('(3).Midterm Exam'!B161="","",'(3).Midterm Exam'!B161) | C161: =IF('(3).Midterm Exam'!C161="","",'(3).Midterm Exam'!C161) | D161: =IF('(2).Midterm Daily'!AH161="","",'(2).Midterm Daily'!AH161) | E161: =IF('(3).Midterm Exam'!D161="","",'(3).Midterm Exam'!D161) | F161: =IF('(3).Midterm Exam'!E161="","",'(3).Midterm Exam'!E161) | G161: =IF('(3).Midterm Exam'!F161="","",'(3).Midterm Exam'!F161) | H161: =IF('(3).Midterm Exam'!G161="","",'(3).Midterm Exam'!G161) | I161: =IF('(3).Midterm Exam'!H161="","",'(3).Midterm Exam'!H161) | J161: =IF('(3).Midterm Exam'!I161="","",'(3).Midterm Exam'!I161) | K161: =IF('(3).Midterm Exam'!J161="","",'(3).Midterm Exam'!J161) | L161: =IF('(3).Midterm Exam'!K161="","",'(3).Midterm Exam'!K161) | ... N161: =IF('(3).Midterm Exam'!M161="","",'(3).Midterm Exam'!M161) | O161: =IF(B161="","",IF(D161="Incomplete","Incomplete",IF('(3).Midterm Exam'!N161="Change","Change",IF('(3).Midterm Exam'!N161="Stop","Stop",IF('(3).Midterm Exam'!N161="Incomplete","Incomplete",IF(COUNTBLANK(D161:N161)>=1,"Incomplete",D161*20%+SUM(E161:N161)*80%))))))
A162: 12 | B162: =IF('(3).Midterm Exam'!B162="","",'(3).Midterm Exam'!B162) | C162: =IF('(3).Midterm Exam'!C162="","",'(3).Midterm Exam'!C162) | D162: =IF('(2).Midterm Daily'!AH162="","",'(2).Midterm Daily'!AH162) | E162: =IF('(3).Midterm Exam'!D162="","",'(3).Midterm Exam'!D162) | F162: =IF('(3).Midterm Exam'!E162="","",'(3).Midterm Exam'!E162) | G162: =IF('(3).Midterm Exam'!F162="","",'(3).Midterm Exam'!F162) | H162: =IF('(3).Midterm Exam'!G162="","",'(3).Midterm Exam'!G162) | I162: =IF('(3).Midterm Exam'!H162="","",'(3).Midterm Exam'!H162) | J162: =IF('(3).Midterm Exam'!I162="","",'(3).Midterm Exam'!I162) | K162: =IF('(3).Midterm Exam'!J162="","",'(3).Midterm Exam'!J162) | L162: =IF('(3).Midterm Exam'!K162="","",'(3).Midterm Exam'!K162) | ... N162: =IF('(3).Midterm Exam'!M162="","",'(3).Midterm Exam'!M162) | O162: =IF(B162="","",IF(D162="Incomplete","Incomplete",IF('(3).Midterm Exam'!N162="Change","Change",IF('(3).Midterm Exam'!N162="Stop","Stop",IF('(3).Midterm Exam'!N162="Incomplete","Incomplete",IF(COUNTBLANK(D162:N162)>=1,"Incomplete",D162*20%+SUM(E162:N162)*80%))))))
... A180: 30 | B180: =IF('(3).Midterm Exam'!B180="","",'(3).Midterm Exam'!B180) | C180: =IF('(3).Midterm Exam'!C180="","",'(3).Midterm Exam'!C180) | D180: =IF('(2).Midterm Daily'!AH180="","",'(2).Midterm Daily'!AH180) | E180: =IF('(3).Midterm Exam'!D180="","",'(3).Midterm Exam'!D180) | F180: =IF('(3).Midterm Exam'!E180="","",'(3).Midterm Exam'!E180) | G180: =IF('(3).Midterm Exam'!F180="","",'(3).Midterm Exam'!F180) | H180: =IF('(3).Midterm Exam'!G180="","",'(3).Midterm Exam'!G180) | I180: =IF('(3).Midterm Exam'!H180="","",'(3).Midterm Exam'!H180) | J180: =IF('(3).Midterm Exam'!I180="","",'(3).Midterm Exam'!I180) | K180: =IF('(3).Midterm Exam'!J180="","",'(3).Midterm Exam'!J180) | L180: =IF('(3).Midterm Exam'!K180="","",'(3).Midterm Exam'!K180) | ... N180: =IF('(3).Midterm Exam'!M180="","",'(3).Midterm Exam'!M180) | O180: =IF(B180="","",IF(D180="Incomplete","Incomplete",IF('(3).Midterm Exam'!N180="Change","Change",IF('(3).Midterm Exam'!N180="Stop","Stop",IF('(3).Midterm Exam'!N180="Incomplete","Incomplete",IF(COUNTBLANK(D180:N180)>=1,"Incomplete",D180*20%+SUM(E180:N180)*80%))))))
A181: Br: | B181: ='(3).Midterm Exam'!B181 -> 0 | D181: MIDTERM RESULTS
A182: Level: | B182: ='(3).Midterm Exam'!B182 -> 0 | D182: ='(3).Midterm Exam'!D183 -> FEBRUARY - JULY 2026
A183: Time: | B183: ='(3).Midterm Exam'!B183 -> 0 | D183: *** Midterm Results (Total Scores) = Midterm Daily (20%) + Midterm Exam (80%) ***
A184: Room: | B184: ='(3).Midterm Exam'!B184 -> 0 | D184: MIDTERM | E184: MIDTERM EXAM | O184: TOTAL
A185: Tr: | B185: ='(3).Midterm Exam'!B185 -> 0 | D185: DAILY | E185: =IF(OR($B182="K5",$B182="K6",$B182="K7",$B182="K8",$B182="K9",$B182="K10"),"Listening","Up-Low C") -> Up-Low C | F185: =IF(OR($B182="K5",$B182="K6",$B182="K7",$B182="K8",$B182="K9",$B182="K10"),"Speaking","Alphabet N") -> Alphabet N | G185: =IF(OR($B182="K5",$B182="K6",$B182="K7",$B182="K8",$B182="K9",$B182="K10"),"Reading","Alphabet S") -> Alphabet S | H185: =IF(OR($B182="K5",$B182="K6",$B182="K7",$B182="K8",$B182="K9",$B182="K10"),"Writing","Vocabulary") -> Vocabulary | I185: =IF(OR($B182="K5",$B182="K6",$B182="K7",$B182="K8",$B182="K9",$B182="K10"),"Grammar","Sprouts") -> Sprouts | J185: =IF(OR($B182="K5",$B182="K6",$B182="K7",$B182="K8",$B182="K9",$B182="K10"),"Vocabulary","Phonics") -> Phonics | K185: =IF(OR($B182="K5",$B182="K6",$B182="K7",$B182="K8",$B182="K9",$B182="K10"),"Roots","Math") -> Math | L185: =IF(OR($B182="K5",$B182="K6",$B182="K7",$B182="K8",$B182="K9",$B182="K10"),"Phonics","Shape") -> Shape | M185: =IF(OR($B182="K5",$B182="K6",$B182="K7",$B182="K8",$B182="K9",$B182="K10"),"Math","Science") -> Science | N185: =IF(OR($B182="K5",$B182="K6",$B182="K7",$B182="K8",$B182="K9",$B182="K10"),"Science","Tracing") -> Tracing | O185: SCORES
...

Sheet Individual Midterm Result
A1: COERR Language Skills Center | D1: NAME : | E1: =I7 -> Chhim Chansithika | G1: 7 | H1: =IF('(4).Midterm Results'!A1=0,"",'(4).Midterm Results'!A1) -> Br: | I1: =IF('(4).Midterm Results'!B1=0,"",'(4).Midterm Results'!B1) -> C2 | J1: =IF('(4).Midterm Results'!C1=0,"",'(4).Midterm Results'!C1) | K1: =IF('(4).Midterm Results'!D1=0,"",'(4).Midterm Results'!D1) -> MIDTERM RESULTS | L1: =IF('(4).Midterm Results'!E1=0,"",'(4).Midterm Results'!E1) | M1: =IF('(4).Midterm Results'!F1=0,"",'(4).Midterm Results'!F1) | N1: =IF('(4).Midterm Results'!G1=0,"",'(4).Midterm Results'!G1) | O1: =IF('(4).Midterm Results'!H1=0,"",'(4).Midterm Results'!H1) | ... V1: =IF('(4).Midterm Results'!O1=0,"",'(4).Midterm Results'!O1)
A2: SESSION : | B2: =$K$2 -> FEBRUARY - JULY 2026 | D2: LEVEL : | E2: =$I$2 -> K1B | H2: =IF('(4).Midterm Results'!A2=0,"",'(4).Midterm Results'!A2) -> Level: | I2: =IF('(4).Midterm Results'!B2=0,"",'(4).Midterm Results'!B2) -> K1B | J2: =IF('(4).Midterm Results'!C2=0,"",'(4).Midterm Results'!C2) | K2: =IF('(4).Midterm Results'!D2=0,"",'(4).Midterm Results'!D2) -> FEBRUARY - JULY 2026 | L2: =IF('(4).Midterm Results'!E2=0,"",'(4).Midterm Results'!E2) | M2: =IF('(4).Midterm Results'!F2=0,"",'(4).Midterm Results'!F2) | N2: =IF('(4).Midterm Results'!G2=0,"",'(4).Midterm Results'!G2) | O2: =IF('(4).Midterm Results'!H2=0,"",'(4).Midterm Results'!H2) | ... V2: =IF('(4).Midterm Results'!O2=0,"",'(4).Midterm Results'!O2)
A3: * Total scores = Daily score (20%) + Exam scores (80%) ; "Try harder" because the obtained is less than 60% * | H3: =IF('(4).Midterm Results'!A3=0,"",'(4).Midterm Results'!A3) -> Time: | I3: =IF('(4).Midterm Results'!B3=0,"",'(4).Midterm Results'!B3) -> 3:00-5:30 | J3: =IF('(4).Midterm Results'!C3=0,"",'(4).Midterm Results'!C3) | K3: =IF('(4).Midterm Results'!D3=0,"",'(4).Midterm Results'!D3) -> *** Midterm Results (Total Scores) = Midterm Daily (20%) + Midterm Exam (80%) *** | L3: =IF('(4).Midterm Results'!E3=0,"",'(4).Midterm Results'!E3) | M3: =IF('(4).Midterm Results'!F3=0,"",'(4).Midterm Results'!F3) | N3: =IF('(4).Midterm Results'!G3=0,"",'(4).Midterm Results'!G3) | O3: =IF('(4).Midterm Results'!H3=0,"",'(4).Midterm Results'!H3) | ... V3: =IF('(4).Midterm Results'!O3=0,"",'(4).Midterm Results'!O3)
A4: MIDTERM | B4: SUBJECTS | D4: MAXIMUM | E4: OBTAINED | F4: REMARKS | H4: =IF('(4).Midterm Results'!A4=0,"",'(4).Midterm Results'!A4) -> Room: | I4: =IF('(4).Midterm Results'!B4=0,"",'(4).Midterm Results'!B4) -> 5 | J4: =IF('(4).Midterm Results'!C4=0,"",'(4).Midterm Results'!C4) | K4: =IF('(4).Midterm Results'!D4=0,"",'(4).Midterm Results'!D4) -> MIDTERM | L4: =IF('(4).Midterm Results'!E4=0,"",'(4).Midterm Results'!E4) -> MIDTERM EXAM | M4: =IF('(4).Midterm Results'!F4=0,"",'(4).Midterm Results'!F4) | N4: =IF('(4).Midterm Results'!G4=0,"",'(4).Midterm Results'!G4) | O4: =IF('(4).Midterm Results'!H4=0,"",'(4).Midterm Results'!H4) | ... V4: =IF('(4).Midterm Results'!O4=0,"",'(4).Midterm Results'!O4) -> TOTAL
B5: DAILY SCORE | D5: 100 | E5: {=TRANSPOSE(K7:V7)} -> 85.875 | F5: =IF(E5="","",IF(E5<D5*60%,"Try harder","")) | H5: =IF('(4).Midterm Results'!A5=0,"",'(4).Midterm Results'!A5) -> Tr: | I5: =IF('(4).Midterm Results'!B5=0,"",'(4).Midterm Results'!B5) -> Hong Leeheng | J5: =IF('(4).Midterm Results'!C5=0,"",'(4).Midterm Results'!C5) | K5: =IF('(4).Midterm Results'!D5=0,"",'(4).Midterm Results'!D5) -> DAILY | L5: =IF('(4).Midterm Results'!E5=0,"",'(4).Midterm Results'!E5) -> Up-Low C | M5: =IF('(4).Midterm Results'!F5=0,"",'(4).Midterm Results'!F5) -> Alphabet N | N5: =IF('(4).Midterm Results'!G5=0,"",'(4).Midterm Results'!G5) -> Alphabet S | O5: =IF('(4).Midterm Results'!H5=0,"",'(4).Midterm Results'!H5) -> Vocabulary | ... V5: =IF('(4).Midterm Results'!O5=0,"",'(4).Midterm Results'!O5) -> SCORES
B6: EXAM SCORE | C6: {=TRANSPOSE($L$5:$U$5)} -> Up-Low C | D6: 10 | E6: 9 | F6: =IF(E6="","",IF(E6<D6*60%,"Try harder","")) | H6: =IF('(4).Midterm Results'!A6=0,"",'(4).Midterm Results'!A6) -> NO | I6: =IF('(4).Midterm Results'!B6=0,"",'(4).Midterm Results'!B6) -> NAME | J6: =IF('(4).Midterm Results'!C6=0,"",'(4).Midterm Results'!C6) -> SEX | K6: =IF('(4).Midterm Results'!D6=0,"",'(4).Midterm Results'!D6) -> 100 points | L6: =IF('(4).Midterm Results'!E6=0,"",'(4).Midterm Results'!E6) -> 10 points | M6: =IF('(4).Midterm Results'!F6=0,"",'(4).Midterm Results'!F6) -> 10 points | N6: =IF('(4).Midterm Results'!G6=0,"",'(4).Midterm Results'!G6) -> 10 points | O6: =IF('(4).Midterm Results'!H6=0,"",'(4).Midterm Results'!H6) -> 10 points | ... V6: =IF('(4).Midterm Results'!O6=0,"",'(4).Midterm Results'!O6) -> 100 points
C7: Alphabet N | D7: 10 | E7: 8.5 | F7: =IF(E7="","",IF(E7<D7*60%,"Try harder","")) | H7: =IF('(4).Midterm Results'!A7=0,"",'(4).Midterm Results'!A7) -> 1 | I7: =IF('(4).Midterm Results'!B7=0,"",'(4).Midterm Results'!B7) -> Chhim Chansithika | J7: =IF('(4).Midterm Results'!C7=0,"",'(4).Midterm Results'!C7) -> F | K7: =IF('(4).Midterm Results'!D7=0,"",'(4).Midterm Results'!D7) -> 85.875 | L7: =IF('(4).Midterm Results'!E7=0,"",'(4).Midterm Results'!E7) -> 9 | M7: =IF('(4).Midterm Results'!F7=0,"",'(4).Midterm Results'!F7) -> 8.5 | N7: =IF('(4).Midterm Results'!G7=0,"",'(4).Midterm Results'!G7) -> 10 | O7: =IF('(4).Midterm Results'!H7=0,"",'(4).Midterm Results'!H7) -> 5.5 | ... V7: =IF('(4).Midterm Results'!O7=0,"",'(4).Midterm Results'!O7) -> 87.175
C8: Alphabet S | D8: 10 | E8: 10 | F8: =IF(E8="","",IF(E8<D8*60%,"Try harder","")) | H8: =IF('(4).Midterm Results'!A8=0,"",'(4).Midterm Results'!A8) -> 2 | I8: =IF('(4).Midterm Results'!B8=0,"",'(4).Midterm Results'!B8) -> Chhout Senghour | J8: =IF('(4).Midterm Results'!C8=0,"",'(4).Midterm Results'!C8) -> M | K8: =IF('(4).Midterm Results'!D8=0,"",'(4).Midterm Results'!D8) -> 67.25 | L8: =IF('(4).Midterm Results'!E8=0,"",'(4).Midterm Results'!E8) -> 6.5 | M8: =IF('(4).Midterm Results'!F8=0,"",'(4).Midterm Results'!F8) -> 6.75 | N8: =IF('(4).Midterm Results'!G8=0,"",'(4).Midterm Results'!G8) -> 3 | O8: =IF('(4).Midterm Results'!H8=0,"",'(4).Midterm Results'!H8) -> 5 | ... V8: =IF('(4).Midterm Results'!O8=0,"",'(4).Midterm Results'!O8) -> 61.65
C9: Vocabulary | D9: 10 | E9: 5.5 | F9: =IF(E9="","",IF(E9<D9*60%,"Try harder","")) -> Try harder | H9: =IF('(4).Midterm Results'!A9=0,"",'(4).Midterm Results'!A9) -> 3 | I9: =IF('(4).Midterm Results'!B9=0,"",'(4).Midterm Results'!B9) -> Det Phouri | J9: =IF('(4).Midterm Results'!C9=0,"",'(4).Midterm Results'!C9) -> M | K9: =IF('(4).Midterm Results'!D9=0,"",'(4).Midterm Results'!D9) -> 89.625 | L9: =IF('(4).Midterm Results'!E9=0,"",'(4).Midterm Results'!E9) -> 9 | M9: =IF('(4).Midterm Results'!F9=0,"",'(4).Midterm Results'!F9) -> 9 | N9: =IF('(4).Midterm Results'!G9=0,"",'(4).Midterm Results'!G9) -> 8.25 | O9: =IF('(4).Midterm Results'!H9=0,"",'(4).Midterm Results'!H9) -> 8 | ... V9: =IF('(4).Midterm Results'!O9=0,"",'(4).Midterm Results'!O9) -> 87.525
A10: RESULT | C10: Sprouts | D10: 10 | E10: 7.5 | F10: =IF(E10="","",IF(E10<D10*60%,"Try harder","")) | H10: =IF('(4).Midterm Results'!A10=0,"",'(4).Midterm Results'!A10) -> 4 | I10: =IF('(4).Midterm Results'!B10=0,"",'(4).Midterm Results'!B10) -> Dy Chanto | J10: =IF('(4).Midterm Results'!C10=0,"",'(4).Midterm Results'!C10) -> M | K10: =IF('(4).Midterm Results'!D10=0,"",'(4).Midterm Results'!D10) -> 49 | L10: =IF('(4).Midterm Results'!E10=0,"",'(4).Midterm Results'!E10) -> 6.5 | M10: =IF('(4).Midterm Results'!F10=0,"",'(4).Midterm Results'!F10) -> 4 | N10: =IF('(4).Midterm Results'!G10=0,"",'(4).Midterm Results'!G10) -> 0.5 | O10: =IF('(4).Midterm Results'!H10=0,"",'(4).Midterm Results'!H10) -> 5.5 | ... V10: =IF('(4).Midterm Results'!O10=0,"",'(4).Midterm Results'!O10) -> 53.8
C11: Phonics | D11: 10 | E11: 9 | F11: =IF(E11="","",IF(E11<D11*60%,"Try harder","")) | H11: =IF('(4).Midterm Results'!A11=0,"",'(4).Midterm Results'!A11) -> 5 | I11: =IF('(4).Midterm Results'!B11=0,"",'(4).Midterm Results'!B11) -> Dy Meyly | J11: =IF('(4).Midterm Results'!C11=0,"",'(4).Midterm Results'!C11) -> F | K11: =IF('(4).Midterm Results'!D11=0,"",'(4).Midterm Results'!D11) -> 96.625 | L11: =IF('(4).Midterm Results'!E11=0,"",'(4).Midterm Results'!E11) -> 10 | M11: =IF('(4).Midterm Results'!F11=0,"",'(4).Midterm Results'!F11) -> 10 | N11: =IF('(4).Midterm Results'!G11=0,"",'(4).Midterm Results'!G11) -> 10 | O11: =IF('(4).Midterm Results'!H11=0,"",'(4).Midterm Results'!H11) -> 10 | ... V11: =IF('(4).Midterm Results'!O11=0,"",'(4).Midterm Results'!O11) -> 99.325
C12: Math | D12: 10 | E12: 10 | F12: =IF(E12="","",IF(E12<D12*60%,"Try harder","")) | H12: =IF('(4).Midterm Results'!A12=0,"",'(4).Midterm Results'!A12) -> 6 | I12: =IF('(4).Midterm Results'!B12=0,"",'(4).Midterm Results'!B12) -> Heang Limhak | J12: =IF('(4).Midterm Results'!C12=0,"",'(4).Midterm Results'!C12) -> M | K12: =IF('(4).Midterm Results'!D12=0,"",'(4).Midterm Results'!D12) -> 83.25 | L12: =IF('(4).Midterm Results'!E12=0,"",'(4).Midterm Results'!E12) -> 9.75 | M12: =IF('(4).Midterm Results'!F12=0,"",'(4).Midterm Results'!F12) -> 8.75 | N12: =IF('(4).Midterm Results'!G12=0,"",'(4).Midterm Results'!G12) -> 9.5 | O12: =IF('(4).Midterm Results'!H12=0,"",'(4).Midterm Results'!H12) -> 8 | ... V12: =IF('(4).Midterm Results'!O12=0,"",'(4).Midterm Results'!O12) -> 83.45
C13: Shape | D13: 10 | E13: 10 | F13: =IF(E13="","",IF(E13<D13*60%,"Try harder","")) | H13: =IF('(4).Midterm Results'!A13=0,"",'(4).Midterm Results'!A13) -> 7 | I13: =IF('(4).Midterm Results'!B13=0,"",'(4).Midterm Results'!B13) -> Keo Tepsatsjak | J13: =IF('(4).Midterm Results'!C13=0,"",'(4).Midterm Results'!C13) -> M | K13: =IF('(4).Midterm Results'!D13=0,"",'(4).Midterm Results'!D13) -> 91.5 | L13: =IF('(4).Midterm Results'!E13=0,"",'(4).Midterm Results'!E13) -> 9 | M13: =IF('(4).Midterm Results'!F13=0,"",'(4).Midterm Results'!F13) -> 8.5 | N13: =IF('(4).Midterm Results'!G13=0,"",'(4).Midterm Results'!G13) -> 10 | O13: =IF('(4).Midterm Results'!H13=0,"",'(4).Midterm Results'!H13) -> 9.5 | ... V13: =IF('(4).Midterm Results'!O13=0,"",'(4).Midterm Results'!O13) -> 94.9
C14: Science | D14: 10 | E14: 10 | F14: =IF(E14="","",IF(E14<D14*60%,"Try harder","")) | H14: =IF('(4).Midterm Results'!A14=0,"",'(4).Midterm Results'!A14) -> 8 | I14: =IF('(4).Midterm Results'!B14=0,"",'(4).Midterm Results'!B14) -> Kong Yonghae | J14: =IF('(4).Midterm Results'!C14=0,"",'(4).Midterm Results'!C14) -> M | K14: =IF('(4).Midterm Results'!D14=0,"",'(4).Midterm Results'!D14) -> 91 | L14: =IF('(4).Midterm Results'!E14=0,"",'(4).Midterm Results'!E14) -> 10 | M14: =IF('(4).Midterm Results'!F14=0,"",'(4).Midterm Results'!F14) -> 9.25 | N14: =IF('(4).Midterm Results'!G14=0,"",'(4).Midterm Results'!G14) -> 9.75 | O14: =IF('(4).Midterm Results'!H14=0,"",'(4).Midterm Results'!H14) -> 10 | ... V14: =IF('(4).Midterm Results'!O14=0,"",'(4).Midterm Results'!O14) -> 96.6
C15: Tracing | D15: 10 | E15: 8 | F15: =IF(E15="","",IF(E15<D15*60%,"Try harder","")) | H15: =IF('(4).Midterm Results'!A15=0,"",'(4).Midterm Results'!A15) -> 9 | I15: =IF('(4).Midterm Results'!B15=0,"",'(4).Midterm Results'!B15) -> Lim Davymulika | J15: =IF('(4).Midterm Results'!C15=0,"",'(4).Midterm Results'!C15) -> F | K15: =IF('(4).Midterm Results'!D15=0,"",'(4).Midterm Results'!D15) -> 60.875 | L15: =IF('(4).Midterm Results'!E15=0,"",'(4).Midterm Results'!E15) -> 9.5 | M15: =IF('(4).Midterm Results'!F15=0,"",'(4).Midterm Results'!F15) -> 7 | N15: =IF('(4).Midterm Results'!G15=0,"",'(4).Midterm Results'!G15) -> 9 | O15: =IF('(4).Midterm Results'!H15=0,"",'(4).Midterm Results'!H15) -> 6 | ... V15: =IF('(4).Midterm Results'!O15=0,"",'(4).Midterm Results'!O15) -> 77.975
B16: TOTAL SCORE | D16: =D5*20%+SUM(D6:D15)*80% -> 100 | E16: 87.175 | F16: =IF(E16="","",IF(E16<D16*60%,"Try harder","")) | H16: =IF('(4).Midterm Results'!A16=0,"",'(4).Midterm Results'!A16) -> 10 | I16: =IF('(4).Midterm Results'!B16=0,"",'(4).Midterm Results'!B16) -> Lot SamAngvichara | J16: =IF('(4).Midterm Results'!C16=0,"",'(4).Midterm Results'!C16) -> F | K16: =IF('(4).Midterm Results'!D16=0,"",'(4).Midterm Results'!D16) -> 93.5 | L16: =IF('(4).Midterm Results'!E16=0,"",'(4).Midterm Results'!E16) -> 9 | M16: =IF('(4).Midterm Results'!F16=0,"",'(4).Midterm Results'!F16) -> 9.5 | N16: =IF('(4).Midterm Results'!G16=0,"",'(4).Midterm Results'!G16) -> 10 | O16: =IF('(4).Midterm Results'!H16=0,"",'(4).Midterm Results'!H16) -> 10 | ... V16: =IF('(4).Midterm Results'!O16=0,"",'(4).Midterm Results'!O16) -> 96.7
H17: =IF('(4).Midterm Results'!A17=0,"",'(4).Midterm Results'!A17) -> 11 | I17: =IF('(4).Midterm Results'!B17=0,"",'(4).Midterm Results'!B17) -> Lot Vichheka | J17: =IF('(4).Midterm Results'!C17=0,"",'(4).Midterm Results'!C17) -> M | K17: =IF('(4).Midterm Results'!D17=0,"",'(4).Midterm Results'!D17) -> 92 | L17: =IF('(4).Midterm Results'!E17=0,"",'(4).Midterm Results'!E17) -> 9.5 | M17: =IF('(4).Midterm Results'!F17=0,"",'(4).Midterm Results'!F17) -> 10 | N17: =IF('(4).Midterm Results'!G17=0,"",'(4).Midterm Results'!G17) -> 10 | O17: =IF('(4).Midterm Results'!H17=0,"",'(4).Midterm Results'!H17) -> 10 | ... V17: =IF('(4).Midterm Results'!O17=0,"",'(4).Midterm Results'!O17) -> 97.8
A18: COERR Language Skills Center | D18: NAME : | E18: =I8 -> Chhout Senghour | G18: 8 | H18: =IF('(4).Midterm Results'!A18=0,"",'(4).Midterm Results'!A18) -> 12 | I18: =IF('(4).Midterm Results'!B18=0,"",'(4).Midterm Results'!B18) -> Ly Kanha | J18: =IF('(4).Midterm Results'!C18=0,"",'(4).Midterm Results'!C18) -> F | K18: =IF('(4).Midterm Results'!D18=0,"",'(4).Midterm Results'!D18) -> 89.5 | L18: =IF('(4).Midterm Results'!E18=0,"",'(4).Midterm Results'!E18) -> 8 | M18: =IF('(4).Midterm Results'!F18=0,"",'(4).Midterm Results'!F18) -> 8.5 | N18: =IF('(4).Midterm Results'!G18=0,"",'(4).Midterm Results'!G18) -> 10 | O18: =IF('(4).Midterm Results'!H18=0,"",'(4).Midterm Results'!H18) -> 9 | ... V18: =IF('(4).Midterm Results'!O18=0,"",'(4).Midterm Results'!O18) -> 91.1
A19: SESSION : | B19: =$K$2 -> FEBRUARY - JULY 2026 | D19: LEVEL : | E19: =$I$2 -> K1B | H19: =IF('(4).Midterm Results'!A19=0,"",'(4).Midterm Results'!A19) -> 13 | I19: =IF('(4).Midterm Results'!B19=0,"",'(4).Midterm Results'!B19) -> Ly Sanmoniroth | J19: =IF('(4).Midterm Results'!C19=0,"",'(4).Midterm Results'!C19) -> F | K19: =IF('(4).Midterm Results'!D19=0,"",'(4).Midterm Results'!D19) -> 69 | L19: =IF('(4).Midterm Results'!E19=0,"",'(4).Midterm Results'!E19) -> 8 | M19: =IF('(4).Midterm Results'!F19=0,"",'(4).Midterm Results'!F19) -> 7.75 | N19: =IF('(4).Midterm Results'!G19=0,"",'(4).Midterm Results'!G19) -> 9.5 | O19: =IF('(4).Midterm Results'!H19=0,"",'(4).Midterm Results'!H19) -> 8 | ... V19: =IF('(4).Midterm Results'!O19=0,"",'(4).Midterm Results'!O19) -> 80
A20: * Total scores = Daily score (20%) + Exam scores (80%) ; "Try harder" because the obtained is less than 60% * | H20: =IF('(4).Midterm Results'!A20=0,"",'(4).Midterm Results'!A20) -> 14 | I20: =IF('(4).Midterm Results'!B20=0,"",'(4).Midterm Results'!B20) -> Noun Thoreakrith | J20: =IF('(4).Midterm Results'!C20=0,"",'(4).Midterm Results'!C20) -> M | K20: =IF('(4).Midterm Results'!D20=0,"",'(4).Midterm Results'!D20) -> 85 | L20: =IF('(4).Midterm Results'!E20=0,"",'(4).Midterm Results'!E20) -> 9 | M20: =IF('(4).Midterm Results'!F20=0,"",'(4).Midterm Results'!F20) -> 8 | N20: =IF('(4).Midterm Results'!G20=0,"",'(4).Midterm Results'!G20) -> 8.5 | O20: =IF('(4).Midterm Results'!H20=0,"",'(4).Midterm Results'!H20) -> 8 | ... V20: =IF('(4).Midterm Results'!O20=0,"",'(4).Midterm Results'!O20) -> 89.4
A21: MIDTERM | B21: SUBJECTS | D21: MAXIMUM | E21: OBTAINED | F21: REMARKS | H21: =IF('(4).Midterm Results'!A21=0,"",'(4).Midterm Results'!A21) -> 15 | I21: =IF('(4).Midterm Results'!B21=0,"",'(4).Midterm Results'!B21) -> OL Amara | J21: =IF('(4).Midterm Results'!C21=0,"",'(4).Midterm Results'!C21) -> F | K21: =IF('(4).Midterm Results'!D21=0,"",'(4).Midterm Results'!D21) -> 93.75 | L21: =IF('(4).Midterm Results'!E21=0,"",'(4).Midterm Results'!E21) -> 10 | M21: =IF('(4).Midterm Results'!F21=0,"",'(4).Midterm Results'!F21) -> 9 | N21: =IF('(4).Midterm Results'!G21=0,"",'(4).Midterm Results'!G21) -> 10 | O21: =IF('(4).Midterm Results'!H21=0,"",'(4).Midterm Results'!H21) -> 10 | ... V21: =IF('(4).Midterm Results'!O21=0,"",'(4).Midterm Results'!O21) -> 97.15
B22: DAILY SCORE | D22: 100 | E22: {=TRANSPOSE(K8:V8)} -> 67.25 | F22: =IF(E22="","",IF(E22<D22*60%,"Try harder","")) | H22: =IF('(4).Midterm Results'!A22=0,"",'(4).Midterm Results'!A22) -> 16 | I22: =IF('(4).Midterm Results'!B22=0,"",'(4).Midterm Results'!B22) -> Prom Monometa | J22: =IF('(4).Midterm Results'!C22=0,"",'(4).Midterm Results'!C22) -> M | K22: =IF('(4).Midterm Results'!D22=0,"",'(4).Midterm Results'!D22) -> 77.25 | L22: =IF('(4).Midterm Results'!E22=0,"",'(4).Midterm Results'!E22) -> 9.5 | M22: =IF('(4).Midterm Results'!F22=0,"",'(4).Midterm Results'!F22) -> 7.5 | N22: =IF('(4).Midterm Results'!G22=0,"",'(4).Midterm Results'!G22) -> 8.5 | O22: =IF('(4).Midterm Results'!H22=0,"",'(4).Midterm Results'!H22) -> 5 | ... V22: =IF('(4).Midterm Results'!O22=0,"",'(4).Midterm Results'!O22) -> 80.65
